item_id,baseline_answer,candidate_answer,gold,baseline_correct,candidate_correct,parse_error,effect,input_snippet,raw_response
object_counting_0150,9,9,9,True,True,False,unchanged_correct,"I have a couch, a bed, a car, a fridge, two tables, an oven, a toaster, and a chair. How many objects do I have?",VERDICT: 9
object_counting_0151,2,2,2,True,True,False,unchanged_correct,"I have a head of broccoli, and a cabbage. How many vegetables do I have?",VERDICT: 2
object_counting_0152,5,5,5,True,True,False,unchanged_correct,"I have four snails, and a cow. How many animals do I have?",VERDICT: 5
object_counting_0153,9,10,9,True,False,False,regressed,"I have a plum, a banana, a nectarine, a strawberry, a blackberry, two oranges, a raspberry, and a peach. How many fruits do I have?",VERDICT: 10
object_counting_0154,5,5,5,True,True,False,unchanged_correct,"I have a banana, a nectarine, a raspberry, an apple, and a peach. How many fruits do I have?",VERDICT: 5
object_counting_0155,8,8,8,True,True,False,unchanged_correct,"I have an apple, a plum, a blackberry, a raspberry, three strawberries, and a banana. How many fruits do I have?",VERDICT: 8
object_counting_0156,9,11,10,False,False,False,unchanged_wrong,"I have a trumpet, a piano, a flute, a snake, three accordions, a violin, a drum, a clarinet, and a trombone. How many musical instruments do I have?",VERDICT: 11
object_counting_0157,4,4,4,True,True,False,unchanged_correct,"I have a table, a strawberry, and three nectarines. How many fruits do I have?",VERDICT: 4
object_counting_0158,11,12,11,True,False,False,regressed,"I have an onion, a carrot, a potato, a yam, three lettuce heads, two cauliflowers, a garlic, and a cabbage. How many vegetables do I have?",VERDICT: 12
object_counting_0159,6,7,8,False,False,False,unchanged_wrong,"I have three potatoes, a carrot, a snake, a yam, a cauliflower, a stalk of celery, and a garlic. How many vegetables do I have?",VERDICT: 7
object_counting_0160,6,6,6,True,True,False,unchanged_correct,"I have a banana, a raspberry, a strawberry, a plum, a blackberry, and a grape. How many fruits do I have?",VERDICT: 6
object_counting_0161,4,5,5,False,True,False,fixed,"I have a trombone, a flute, two nectarines, a violin, a strawberry, a peach, and a grape. How many fruits do I have?",VERDICT: 5
object_counting_0162,6,7,7,False,True,False,fixed,"I have three heads of broccoli, two cauliflowers, a yam, and a lettuce head. How many vegetables do I have?",VERDICT: 7
object_counting_0163,11,13,13,False,True,False,fixed,"I have a lettuce head, two yams, a cabbage, a stalk of celery, three heads of broccoli, a garlic, an onion, a carrot, a cauliflower, and a potato. How many vegetables do I have?",VERDICT: 13
object_counting_0164,9,9,9,True,True,False,unchanged_correct,"I have an orange, a raspberry, a strawberry, an apple, a blackberry, a nectarine, a peach, a banana, and a plum. How many fruits do I have?",VERDICT: 9
object_counting_0165,13,15,16,False,False,False,unchanged_wrong,"I have a cabbage, four stalks of celery, two garlics, three carrots, a yam, a cauliflower, a lettuce head, two heads of broccoli, a microwave, and an onion. How many vegetables do I have?",VERDICT: 15
object_counting_0166,6,6,6,True,True,False,unchanged_correct,"I have an oven, an apple, three bananas, a table, and two grapes. How many fruits do I have?",VERDICT: 6
object_counting_0167,13,13,13,True,True,False,unchanged_correct,"I have a lettuce head, a stalk of celery, two yams, a cauliflower, a carrot, two onions, two potatoes, and three cabbages. How many vegetables do I have?",VERDICT: 13
object_counting_0168,3,3,3,True,True,False,unchanged_correct,"I have a toaster, a table, and a fridge. How many objects do I have?",VERDICT: 3
object_counting_0169,5,5,6,False,False,False,unchanged_wrong,"I have two chairs, a toaster, an oven, a table, and a couch. How many objects do I have?",VERDICT: 5
object_counting_0170,10,11,11,False,True,False,fixed,"I have a trombone, three clarinets, an accordion, two violins, a flute, a drum, a trumpet, and a piano. How many musical instruments do I have?",VERDICT: 11
object_counting_0171,2,2,2,True,True,False,unchanged_correct,"I have a garlic, and an onion. How many vegetables do I have?",VERDICT: 2
object_counting_0172,3,3,3,True,True,False,unchanged_correct,"I have a grape, a banana, and a blackberry. How many fruits do I have?",VERDICT: 3
object_counting_0173,9,9,10,False,False,False,unchanged_wrong,"I have three snakes, a cat, a bear, two goats, a chicken, a donkey, a car, and a fish. How many animals do I have?",VERDICT: 9
object_counting_0174,12,15,15,False,True,False,fixed,"I have a fish, a snake, a lettuce head, a mouse, four bears, a rabbit, a pig, three goats, a cow, and two snails. How many animals do I have?",VERDICT: 15
object_counting_0175,8,11,12,False,False,False,unchanged_wrong,"I have a potato, a carrot, two onions, a cauliflower, a plum, a lettuce head, five stalks of celery, and a yam. How many vegetables do I have?",VERDICT: 11
object_counting_0176,7,7,7,True,True,False,unchanged_correct,"I have an oven, a bed, a lamp, a chair, a fridge, a microwave, and a toaster. How many objects do I have?",VERDICT: 7
object_counting_0177,9,10,10,False,True,False,fixed,"I have two fish, four cats, two chickens, a mouse, and a goat. How many animals do I have?",VERDICT: 10
object_counting_0178,4,4,4,True,True,False,unchanged_correct,"I have a toaster, a bed, a car, and a fridge. How many objects do I have?",VERDICT: 4
object_counting_0179,12,12,14,False,False,False,unchanged_wrong,"I have a mouse, a frog, two snails, a lettuce head, an onion, a goat, a cat, a fish, a cow, a pig, four ducks, and a rabbit. How many animals do I have?",VERDICT: 12
object_counting_0180,7,7,7,True,True,False,unchanged_correct,"I have a donkey, a snail, a pig, a chicken, a fish, a mouse, and a cat. How many animals do I have?",VERDICT: 7
object_counting_0181,5,5,5,True,True,False,unchanged_correct,"I have a garlic, a cabbage, a yam, a carrot, and a stalk of celery. How many vegetables do I have?",VERDICT: 5
object_counting_0182,2,2,2,True,True,False,unchanged_correct,"I have a microwave, and a chair. How many objects do I have?",VERDICT: 2
object_counting_0183,6,6,6,True,True,False,unchanged_correct,"I have three snails, a snake, a donkey, and a rabbit. How many animals do I have?",VERDICT: 6
object_counting_0184,6,6,6,True,True,False,unchanged_correct,"I have two violins, a drum, a flute, a trumpet, and a clarinet. How many musical instruments do I have?",VERDICT: 6
object_counting_0185,10,10,10,True,True,False,unchanged_correct,"I have a couch, a car, a stove, a chair, an oven, a toaster, a bed, two lamps, and a fridge. How many objects do I have?",VERDICT: 10
object_counting_0186,15,15,16,False,False,False,unchanged_wrong,"I have four couches, a microwave, a table, a chair, a fridge, four stoves, a lamp, a car, an oven, and a toaster. How many objects do I have?",VERDICT: 15
object_counting_0187,3,3,3,True,True,False,unchanged_correct,"I have a grape, an apple, and a banana. How many fruits do I have?",VERDICT: 3
object_counting_0188,3,3,3,True,True,False,unchanged_correct,"I have two blackberries, and a grape. How many fruits do I have?",VERDICT: 3
object_counting_0189,7,7,7,True,True,False,unchanged_correct,"I have two cows, a snail, a fish, a mouse, a snake, and a frog. How many animals do I have?",VERDICT: 7
object_counting_0190,4,5,5,False,True,False,fixed,"I have two stalks of celery, a carrot, a lettuce head, and an onion. How many vegetables do I have?",VERDICT: 5
object_counting_0191,7,7,7,True,True,False,unchanged_correct,"I have an onion, a yam, a cabbage, a chair, a stalk of celery, a head of broccoli, a cauliflower, a car, a potato, and a fridge. How many vegetables do I have?",VERDICT: 7
object_counting_0192,2,2,2,True,True,False,unchanged_correct,"I have a carrot, and a head of broccoli. How many vegetables do I have?",VERDICT: 2
object_counting_0193,6,6,6,True,True,False,unchanged_correct,"I have a dog, a chicken, and four snails. How many animals do I have?",VERDICT: 6
object_counting_0194,12,12,13,False,False,False,unchanged_wrong,"I have a cow, two dogs, a mouse, a donkey, a snail, a snake, a cat, a pig, a bear, and three rabbits. How many animals do I have?",VERDICT: 12
object_counting_0195,14,12,15,False,False,False,unchanged_wrong,"I have a drum, four pianos, two accordions, a carrot, a stalk of celery, three flutes, a cauliflower, a violin, a clarinet, a trombone, and two trumpets. How many musical instruments do I have?",VERDICT: 12
object_counting_0196,5,5,5,True,True,False,unchanged_correct,"I have a clarinet, a trumpet, a drum, a piano, and an accordion. How many musical instruments do I have?",VERDICT: 5
object_counting_0197,15,11,15,True,False,False,regressed,"I have a stove, two tables, three toasters, a fridge, a lamp, a microwave, three chairs, a bed, a car, and a couch. How many objects do I have?",VERDICT: 11
object_counting_0198,14,14,14,True,True,False,unchanged_correct,"I have four cauliflowers, a garlic, a cabbage, a potato, a head of broccoli, three yams, a lettuce head, an onion, and a carrot. How many vegetables do I have?",VERDICT: 14
object_counting_0199,9,9,9,True,True,False,unchanged_correct,"I have a snail, a chair, a duck, a cat, a toaster, a fish, a chicken, two ovens, a cow, two mice, and a rabbit. How many animals do I have?",VERDICT: 9
object_counting_0200,7,7,7,True,True,False,unchanged_correct,"I have a raspberry, a plum, a strawberry, a grape, a banana, a blackberry, and an apple. How many fruits do I have?",VERDICT: 7
object_counting_0201,3,3,3,True,True,False,unchanged_correct,"I have an apple, and two blackberries. How many fruits do I have?",VERDICT: 3
object_counting_0202,5,5,5,True,True,False,unchanged_correct,"I have a lettuce head, three heads of broccoli, and a carrot. How many vegetables do I have?",VERDICT: 5
object_counting_0203,9,9,10,False,False,False,unchanged_wrong,"I have two violins, a piano, a drum, two flutes, a trombone, an accordion, a trumpet, a goat, and a clarinet. How many musical instruments do I have?",VERDICT: 9
object_counting_0204,4,4,4,True,True,False,unchanged_correct,"I have two lamps, and two microwaves. How many objects do I have?",VERDICT: 4
object_counting_0205,6,6,6,True,True,False,unchanged_correct,"I have a grape, a plum, two blackberries, a raspberry, and a banana. How many fruits do I have?",VERDICT: 6
object_counting_0206,11,11,11,True,True,False,unchanged_correct,"I have a yam, a stalk of celery, a potato, a cabbage, two cauliflowers, an onion, a lettuce head, a head of broccoli, a carrot, and a garlic. How many vegetables do I have?",VERDICT: 11
object_counting_0207,4,4,4,True,True,False,unchanged_correct,"I have a toaster, a stove, a lamp, and a table. How many objects do I have?",VERDICT: 4
object_counting_0208,9,9,10,False,False,False,unchanged_wrong,"I have a stove, a microwave, a couch, a lamp, a chair, an oven, a fridge, and three beds. How many objects do I have?",VERDICT: 9
object_counting_0209,12,13,13,False,True,False,fixed,"I have two heads of broccoli, a cabbage, a lettuce head, a yam, an onion, a stalk of celery, a potato, four garlics, and a cauliflower. How many vegetables do I have?",VERDICT: 13
object_counting_0210,2,2,2,True,True,False,unchanged_correct,"I have a dog, a mouse, a toaster, and a table. How many animals do I have?",VERDICT: 2
object_counting_0211,15,17,17,False,True,False,fixed,"I have a snail, a dog, three cats, a fish, two chickens, a donkey, four rabbits, a cow, two snakes, and a duck. How many animals do I have?",VERDICT: 17
object_counting_0212,8,9,8,True,False,False,regressed,"I have three clarinets, a trombone, two pianos, an accordion, and a trumpet. How many musical instruments do I have?",VERDICT: 9
object_counting_0213,8,8,8,True,True,False,unchanged_correct,"I have a trombone, a trumpet, a piano, a clarinet, a flute, a violin, an accordion, and a drum. How many musical instruments do I have?",VERDICT: 8
object_counting_0214,9,10,10,False,True,False,fixed,"I have a table, a yam, a cauliflower, two cabbages, a head of broccoli, two potatoes, an onion, and two garlics. How many vegetables do I have?",VERDICT: 10
object_counting_0215,7,8,9,False,False,False,unchanged_wrong,"I have an oven, a table, a lamp, three couches, a toaster, a microwave, and a bed. How many objects do I have?",VERDICT: 8
object_counting_0216,11,11,11,True,True,False,unchanged_correct,"I have a fridge, a bed, a toaster, a car, a microwave, a chair, a lamp, a table, a couch, and two stoves. How many objects do I have?",VERDICT: 11
object_counting_0217,3,3,3,True,True,False,unchanged_correct,"I have a toaster, a car, and a table. How many objects do I have?",VERDICT: 3
object_counting_0218,9,10,11,False,False,False,unchanged_wrong,"I have a potato, a cabbage, a cauliflower, a duck, an onion, a lettuce head, a garlic, a bear, a head of broccoli, a carrot, a chicken, and three yams. How many vegetables do I have?",VERDICT: 10
object_counting_0219,11,9,12,False,False,False,unchanged_wrong,"I have a stove, two microwaves, a table, an oven, a toaster, four chairs, a car, and a fridge. How many objects do I have?",VERDICT: 9
object_counting_0220,8,8,8,True,True,False,unchanged_correct,"I have a donkey, a rabbit, a fish, and five cats. How many animals do I have?",VERDICT: 8
object_counting_0221,4,4,4,True,True,False,unchanged_correct,"I have a peach, a nectarine, a banana, a raspberry, and a duck. How many fruits do I have?",VERDICT: 4
object_counting_0222,4,4,4,True,True,False,unchanged_correct,"I have a yam, two lettuce heads, and a head of broccoli. How many vegetables do I have?",VERDICT: 4
object_counting_0223,3,3,3,True,True,False,unchanged_correct,"I have an oven, a bed, and a toaster. How many objects do I have?",VERDICT: 3
object_counting_0224,13,12,14,False,False,False,unchanged_wrong,"I have an apple, a head of broccoli, a nectarine, a grape, a banana, an onion, a raspberry, a strawberry, two peaches, two plums, an orange, and three blackberries. How many fruits do I have?",VERDICT: 12
object_counting_0225,4,4,4,True,True,False,unchanged_correct,"I have a peach, a plum, a blackberry, and an apple. How many fruits do I have?",VERDICT: 4
object_counting_0226,7,9,8,False,False,False,unchanged_wrong,"I have three drums, a flute, a clarinet, two violins, and a trumpet. How many musical instruments do I have?",VERDICT: 9
object_counting_0227,11,11,11,True,True,False,unchanged_correct,"I have three violins, three trombones, a flute, and four trumpets. How many musical instruments do I have?",VERDICT: 11
object_counting_0228,7,8,8,False,True,False,fixed,"I have a lettuce head, a cabbage, a potato, a cauliflower, a yam, an onion, and two heads of broccoli. How many vegetables do I have?",VERDICT: 8
object_counting_0229,3,3,3,True,True,False,unchanged_correct,"I have two cars, and an oven. How many objects do I have?",VERDICT: 3
object_counting_0230,13,13,12,False,False,False,unchanged_wrong,"I have a duck, a cat, a frog, a mouse, a pig, a rabbit, two snakes, a bear, and three goats. How many animals do I have?",VERDICT: 13
object_counting_0231,9,8,11,False,False,False,unchanged_wrong,"I have a clarinet, a couch, a flute, four chairs, five trombones, a drum, a trumpet, a violin, and an accordion. How many musical instruments do I have?",VERDICT: 8
object_counting_0232,13,14,14,False,True,False,fixed,"I have an orange, a grape, a strawberry, three apples, a plum, a banana, a raspberry, a blackberry, a nectarine, and three peaches. How many fruits do I have?",VERDICT: 14
object_counting_0233,12,15,15,False,True,False,fixed,"I have a car, a fridge, an oven, a toaster, a couch, three lamps, five chairs, a stove, and a microwave. How many objects do I have?",VERDICT: 15
object_counting_0234,4,4,4,True,True,False,unchanged_correct,"I have a trumpet, a drum, an accordion, and a piano. How many musical instruments do I have?",VERDICT: 4
object_counting_0235,10,11,11,False,True,False,fixed,"I have four pianos, four snails, three chickens, a pig, a dog, and two cows. How many animals do I have?",VERDICT: 11
object_counting_0236,6,7,6,True,False,False,regressed,"I have a trumpet, a drum, a piano, a flute, and two trombones. How many musical instruments do I have?",VERDICT: 7
object_counting_0237,10,11,12,False,False,False,unchanged_wrong,"I have an onion, two carrots, two potatoes, a stalk of celery, a head of broccoli, a cauliflower, a cabbage, a lettuce head, a garlic, and a yam. How many vegetables do I have?",VERDICT: 11
object_counting_0238,9,9,9,True,True,False,unchanged_correct,"I have a pig, a fish, a mouse, a frog, a dog, a rabbit, a donkey, a chicken, and a duck. How many animals do I have?",VERDICT: 9
object_counting_0239,10,12,12,False,True,False,fixed,"I have a yam, a garlic, a lettuce head, a potato, a lamp, a carrot, two heads of broccoli, a stalk of celery, an onion, and three cabbages. How many vegetables do I have?",VERDICT: 12
object_counting_0240,12,13,14,False,False,False,unchanged_wrong,"I have a head of broccoli, an onion, a garlic, two carrots, a lettuce head, two cabbages, a cauliflower, a stalk of celery, two potatoes, and two yams. How many vegetables do I have?",VERDICT: 13
object_counting_0241,8,8,8,True,True,False,unchanged_correct,"I have a duck, a cow, a donkey, a mouse, a bear, a snake, a snail, and a goat. How many animals do I have?",VERDICT: 8
object_counting_0242,7,6,8,False,False,False,unchanged_wrong,"I have three couches, a lamp, a stove, a table, a fridge, and a microwave. How many objects do I have?",VERDICT: 6
object_counting_0243,9,10,10,False,True,False,fixed,"I have a drum, a piano, a clarinet, four violins, a flute, and two trumpets. How many musical instruments do I have?",VERDICT: 10
object_counting_0244,10,10,10,True,True,False,unchanged_correct,"I have a piano, an accordion, a trombone, two clarinets, two violins, a trumpet, a flute, and a drum. How many musical instruments do I have?",VERDICT: 10
object_counting_0245,9,9,9,True,True,False,unchanged_correct,"I have a goat, an orange, a nectarine, three plums, and four strawberries. How many fruits do I have?",VERDICT: 9
object_counting_0246,7,7,7,True,True,False,unchanged_correct,"I have a chair, a table, a couch, a stove, a car, a lamp, and a fridge. How many objects do I have?",VERDICT: 7
object_counting_0247,4,4,4,True,True,False,unchanged_correct,"I have a fish, a snail, and two rabbits. How many animals do I have?",VERDICT: 4
object_counting_0248,6,6,7,False,False,False,unchanged_wrong,"I have a couch, two beds, a fridge, an oven, a lamp, and a table. How many objects do I have?",VERDICT: 6
object_counting_0249,15,16,16,False,True,False,fixed,"I have a head of broccoli, four garlics, a yam, a stalk of celery, a cabbage, two potatoes, an onion, four lettuce heads, and a cauliflower. How many vegetables do I have?",VERDICT: 16
