boolean_expressions	boolean_expressions_0150
boolean_expressions	boolean_expressions_0151
boolean_expressions	boolean_expressions_0152
boolean_expressions	boolean_expressions_0153
boolean_expressions	boolean_expressions_0154
boolean_expressions	boolean_expressions_0155
boolean_expressions	boolean_expressions_0156
boolean_expressions	boolean_expressions_0157
boolean_expressions	boolean_expressions_0158
boolean_expressions	boolean_expressions_0159
boolean_expressions	boolean_expressions_0160
boolean_expressions	boolean_expressions_0161
boolean_expressions	boolean_expressions_0162
boolean_expressions	boolean_expressions_0163
boolean_expressions	boolean_expressions_0164
boolean_expressions	boolean_expressions_0165
boolean_expressions	boolean_expressions_0166
boolean_expressions	boolean_expressions_0167
boolean_expressions	boolean_expressions_0168
boolean_expressions	boolean_expressions_0169
boolean_expressions	boolean_expressions_0170
boolean_expressions	boolean_expressions_0171
boolean_expressions	boolean_expressions_0172
boolean_expressions	boolean_expressions_0173
boolean_expressions	boolean_expressions_0174
boolean_expressions	boolean_expressions_0175
boolean_expressions	boolean_expressions_0176
boolean_expressions	boolean_expressions_0177
boolean_expressions	boolean_expressions_0178
boolean_expressions	boolean_expressions_0179
boolean_expressions	boolean_expressions_0180
boolean_expressions	boolean_expressions_0181
boolean_expressions	boolean_expressions_0182
boolean_expressions	boolean_expressions_0183
boolean_expressions	boolean_expressions_0184
boolean_expressions	boolean_expressions_0185
boolean_expressions	boolean_expressions_0186
boolean_expressions	boolean_expressions_0187
boolean_expressions	boolean_expressions_0188
boolean_expressions	boolean_expressions_0189
boolean_expressions	boolean_expressions_0190
boolean_expressions	boolean_expressions_0191
boolean_expressions	boolean_expressions_0192
boolean_expressions	boolean_expressions_0193
boolean_expressions	boolean_expressions_0194
boolean_expressions	boolean_expressions_0195
boolean_expressions	boolean_expressions_0196
boolean_expressions	boolean_expressions_0197
boolean_expressions	boolean_expressions_0198
boolean_expressions	boolean_expressions_0199
boolean_expressions	boolean_expressions_0200
boolean_expressions	boolean_expressions_0201
boolean_expressions	boolean_expressions_0202
boolean_expressions	boolean_expressions_0203
boolean_expressions	boolean_expressions_0204
boolean_expressions	boolean_expressions_0205
boolean_expressions	boolean_expressions_0206
boolean_expressions	boolean_expressions_0207
boolean_expressions	boolean_expressions_0208
boolean_expressions	boolean_expressions_0209
boolean_expressions	boolean_expressions_0210
boolean_expressions	boolean_expressions_0211
boolean_expressions	boolean_expressions_0212
boolean_expressions	boolean_expressions_0213
boolean_expressions	boolean_expressions_0214
boolean_expressions	boolean_expressions_0215
boolean_expressions	boolean_expressions_0216
boolean_expressions	boolean_expressions_0217
boolean_expressions	boolean_expressions_0218
boolean_expressions	boolean_expressions_0219
boolean_expressions	boolean_expressions_0220
boolean_expressions	boolean_expressions_0221
boolean_expressions	boolean_expressions_0222
boolean_expressions	boolean_expressions_0223
boolean_expressions	boolean_expressions_0224
boolean_expressions	boolean_expressions_0225
boolean_expressions	boolean_expressions_0226
boolean_expressions	boolean_expressions_0227
boolean_expressions	boolean_expressions_0228
boolean_expressions	boolean_expressions_0229
boolean_expressions	boolean_expressions_0230
boolean_expressions	boolean_expressions_0231
boolean_expressions	boolean_expressions_0232
boolean_expressions	boolean_expressions_0233
boolean_expressions	boolean_expressions_0234
boolean_expressions	boolean_expressions_0235
boolean_expressions	boolean_expressions_0236
boolean_expressions	boolean_expressions_0237
boolean_expressions	boolean_expressions_0238
boolean_expressions	boolean_expressions_0239
boolean_expressions	boolean_expressions_0240
boolean_expressions	boolean_expressions_0241
boolean_expressions	boolean_expressions_0242
boolean_expressions	boolean_expressions_0243
boolean_expressions	boolean_expressions_0244
boolean_expressions	boolean_expressions_0245
boolean_expressions	boolean_expressions_0246
boolean_expressions	boolean_expressions_0247
boolean_expressions	boolean_expressions_0248
boolean_expressions	boolean_expressions_0249
causal_judgement	causal_judgement_0100
causal_judgement	causal_judgement_0101
causal_judgement	causal_judgement_0102
causal_judgement	causal_judgement_0103
causal_judgement	causal_judgement_0104
causal_judgement	causal_judgement_0105
causal_judgement	causal_judgement_0106
causal_judgement	causal_judgement_0107
causal_judgement	causal_judgement_0108
causal_judgement	causal_judgement_0109
causal_judgement	causal_judgement_0110
causal_judgement	causal_judgement_0111
causal_judgement	causal_judgement_0112
causal_judgement	causal_judgement_0113
causal_judgement	causal_judgement_0114
causal_judgement	causal_judgement_0115
causal_judgement	causal_judgement_0116
causal_judgement	causal_judgement_0117
causal_judgement	causal_judgement_0118
causal_judgement	causal_judgement_0119
causal_judgement	causal_judgement_0120
causal_judgement	causal_judgement_0121
causal_judgement	causal_judgement_0122
causal_judgement	causal_judgement_0123
causal_judgement	causal_judgement_0124
causal_judgement	causal_judgement_0125
causal_judgement	causal_judgement_0126
causal_judgement	causal_judgement_0127
causal_judgement	causal_judgement_0128
causal_judgement	causal_judgement_0129
causal_judgement	causal_judgement_0130
causal_judgement	causal_judgement_0131
causal_judgement	causal_judgement_0132
causal_judgement	causal_judgement_0133
causal_judgement	causal_judgement_0134
causal_judgement	causal_judgement_0135
causal_judgement	causal_judgement_0136
causal_judgement	causal_judgement_0137
causal_judgement	causal_judgement_0138
causal_judgement	causal_judgement_0139
causal_judgement	causal_judgement_0140
causal_judgement	causal_judgement_0141
causal_judgement	causal_judgement_0142
causal_judgement	causal_judgement_0143
causal_judgement	causal_judgement_0144
causal_judgement	causal_judgement_0145
causal_judgement	causal_judgement_0146
causal_judgement	causal_judgement_0147
causal_judgement	causal_judgement_0148
causal_judgement	causal_judgement_0149
causal_judgement	causal_judgement_0150
causal_judgement	causal_judgement_0151
causal_judgement	causal_judgement_0152
causal_judgement	causal_judgement_0153
causal_judgement	causal_judgement_0154
causal_judgement	causal_judgement_0155
causal_judgement	causal_judgement_0156
causal_judgement	causal_judgement_0157
causal_judgement	causal_judgement_0158
causal_judgement	causal_judgement_0159
causal_judgement	causal_judgement_0160
causal_judgement	causal_judgement_0161
causal_judgement	causal_judgement_0162
causal_judgement	causal_judgement_0163
causal_judgement	causal_judgement_0164
causal_judgement	causal_judgement_0165
causal_judgement	causal_judgement_0166
causal_judgement	causal_judgement_0167
causal_judgement	causal_judgement_0168
causal_judgement	causal_judgement_0169
causal_judgement	causal_judgement_0170
causal_judgement	causal_judgement_0171
causal_judgement	causal_judgement_0172
causal_judgement	causal_judgement_0173
causal_judgement	causal_judgement_0174
causal_judgement	causal_judgement_0175
causal_judgement	causal_judgement_0176
causal_judgement	causal_judgement_0177
causal_judgement	causal_judgement_0178
causal_judgement	causal_judgement_0179
causal_judgement	causal_judgement_0180
causal_judgement	causal_judgement_0181
causal_judgement	causal_judgement_0182
causal_judgement	causal_judgement_0183
causal_judgement	causal_judgement_0184
causal_judgement	causal_judgement_0185
causal_judgement	causal_judgement_0186
date_understanding	date_understanding_0150
date_understanding	date_understanding_0151
date_understanding	date_understanding_0152
date_understanding	date_understanding_0153
date_understanding	date_understanding_0154
date_understanding	date_understanding_0155
date_understanding	date_understanding_0156
date_understanding	date_understanding_0157
date_understanding	date_understanding_0158
date_understanding	date_understanding_0159
date_understanding	date_understanding_0160
date_understanding	date_understanding_0161
date_understanding	date_understanding_0162
date_understanding	date_understanding_0163
date_understanding	date_understanding_0164
date_understanding	date_understanding_0165
date_understanding	date_understanding_0166
date_understanding	date_understanding_0167
date_understanding	date_understanding_0168
date_understanding	date_understanding_0169
date_understanding	date_understanding_0170
date_understanding	date_understanding_0171
date_understanding	date_understanding_0172
date_understanding	date_understanding_0173
date_understanding	date_understanding_0174
date_understanding	date_understanding_0175
date_understanding	date_understanding_0176
date_understanding	date_understanding_0177
date_understanding	date_understanding_0178
date_understanding	date_understanding_0179
date_understanding	date_understanding_0180
date_understanding	date_understanding_0181
date_understanding	date_understanding_0182
date_understanding	date_understanding_0183
date_understanding	date_understanding_0184
date_understanding	date_understanding_0185
date_understanding	date_understanding_0186
date_understanding	date_understanding_0187
date_understanding	date_understanding_0188
date_understanding	date_understanding_0189
date_understanding	date_understanding_0190
date_understanding	date_understanding_0191
date_understanding	date_understanding_0192
date_understanding	date_understanding_0193
date_understanding	date_understanding_0194
date_understanding	date_understanding_0195
date_understanding	date_understanding_0196
date_understanding	date_understanding_0197
date_understanding	date_understanding_0198
date_understanding	date_understanding_0199
date_understanding	date_understanding_0200
date_understanding	date_understanding_0201
date_understanding	date_understanding_0202
date_understanding	date_understanding_0203
date_understanding	date_understanding_0204
date_understanding	date_understanding_0205
date_understanding	date_understanding_0206
date_understanding	date_understanding_0207
date_understanding	date_understanding_0208
date_understanding	date_understanding_0209
date_understanding	date_understanding_0210
date_understanding	date_understanding_0211
date_understanding	date_understanding_0212
date_understanding	date_understanding_0213
date_understanding	date_understanding_0214
date_understanding	date_understanding_0215
date_understanding	date_understanding_0216
date_understanding	date_understanding_0217
date_understanding	date_understanding_0218
date_understanding	date_understanding_0219
date_understanding	date_understanding_0220
date_understanding	date_understanding_0221
date_understanding	date_understanding_0222
date_understanding	date_understanding_0223
date_understanding	date_understanding_0224
date_understanding	date_understanding_0225
date_understanding	date_understanding_0226
date_understanding	date_understanding_0227
date_understanding	date_understanding_0228
date_understanding	date_understanding_0229
date_understanding	date_understanding_0230
date_understanding	date_understanding_0231
date_understanding	date_understanding_0232
date_understanding	date_understanding_0233
date_understanding	date_understanding_0234
date_understanding	date_understanding_0235
date_understanding	date_understanding_0236
date_understanding	date_understanding_0237
date_understanding	date_understanding_0238
date_understanding	date_understanding_0239
date_understanding	date_understanding_0240
date_understanding	date_understanding_0241
date_understanding	date_understanding_0242
date_understanding	date_understanding_0243
date_understanding	date_understanding_0244
date_understanding	date_understanding_0245
date_understanding	date_understanding_0246
date_understanding	date_understanding_0247
date_understanding	date_understanding_0248
date_understanding	date_understanding_0249
disambiguation_qa	disambiguation_qa_0150
disambiguation_qa	disambiguation_qa_0151
disambiguation_qa	disambiguation_qa_0152
disambiguation_qa	disambiguation_qa_0153
disambiguation_qa	disambiguation_qa_0154
disambiguation_qa	disambiguation_qa_0155
disambiguation_qa	disambiguation_qa_0156
disambiguation_qa	disambiguation_qa_0157
disambiguation_qa	disambiguation_qa_0158
disambiguation_qa	disambiguation_qa_0159
disambiguation_qa	disambiguation_qa_0160
disambiguation_qa	disambiguation_qa_0161
disambiguation_qa	disambiguation_qa_0162
disambiguation_qa	disambiguation_qa_0163
disambiguation_qa	disambiguation_qa_0164
disambiguation_qa	disambiguation_qa_0165
disambiguation_qa	disambiguation_qa_0166
disambiguation_qa	disambiguation_qa_0167
disambiguation_qa	disambiguation_qa_0168
disambiguation_qa	disambiguation_qa_0169
disambiguation_qa	disambiguation_qa_0170
disambiguation_qa	disambiguation_qa_0171
disambiguation_qa	disambiguation_qa_0172
disambiguation_qa	disambiguation_qa_0173
disambiguation_qa	disambiguation_qa_0174
disambiguation_qa	disambiguation_qa_0175
disambiguation_qa	disambiguation_qa_0176
disambiguation_qa	disambiguation_qa_0177
disambiguation_qa	disambiguation_qa_0178
disambiguation_qa	disambiguation_qa_0179
disambiguation_qa	disambiguation_qa_0180
disambiguation_qa	disambiguation_qa_0181
disambiguation_qa	disambiguation_qa_0182
disambiguation_qa	disambiguation_qa_0183
disambiguation_qa	disambiguation_qa_0184
disambiguation_qa	disambiguation_qa_0185
disambiguation_qa	disambiguation_qa_0186
disambiguation_qa	disambiguation_qa_0187
disambiguation_qa	disambiguation_qa_0188
disambiguation_qa	disambiguation_qa_0189
disambiguation_qa	disambiguation_qa_0190
disambiguation_qa	disambiguation_qa_0191
disambiguation_qa	disambiguation_qa_0192
disambiguation_qa	disambiguation_qa_0193
disambiguation_qa	disambiguation_qa_0194
disambiguation_qa	disambiguation_qa_0195
disambiguation_qa	disambiguation_qa_0196
disambiguation_qa	disambiguation_qa_0197
disambiguation_qa	disambiguation_qa_0198
disambiguation_qa	disambiguation_qa_0199
disambiguation_qa	disambiguation_qa_0200
disambiguation_qa	disambiguation_qa_0201
disambiguation_qa	disambiguation_qa_0202
disambiguation_qa	disambiguation_qa_0203
disambiguation_qa	disambiguation_qa_0204
disambiguation_qa	disambiguation_qa_0205
disambiguation_qa	disambiguation_qa_0206
disambiguation_qa	disambiguation_qa_0207
disambiguation_qa	disambiguation_qa_0208
disambiguation_qa	disambiguation_qa_0209
disambiguation_qa	disambiguation_qa_0210
disambiguation_qa	disambiguation_qa_0211
disambiguation_qa	disambiguation_qa_0212
disambiguation_qa	disambiguation_qa_0213
disambiguation_qa	disambiguation_qa_0214
disambiguation_qa	disambiguation_qa_0215
disambiguation_qa	disambiguation_qa_0216
disambiguation_qa	disambiguation_qa_0217
disambiguation_qa	disambiguation_qa_0218
disambiguation_qa	disambiguation_qa_0219
disambiguation_qa	disambiguation_qa_0220
disambiguation_qa	disambiguation_qa_0221
disambiguation_qa	disambiguation_qa_0222
disambiguation_qa	disambiguation_qa_0223
disambiguation_qa	disambiguation_qa_0224
disambiguation_qa	disambiguation_qa_0225
disambiguation_qa	disambiguation_qa_0226
disambiguation_qa	disambiguation_qa_0227
disambiguation_qa	disambiguation_qa_0228
disambiguation_qa	disambiguation_qa_0229
disambiguation_qa	disambiguation_qa_0230
disambiguation_qa	disambiguation_qa_0231
disambiguation_qa	disambiguation_qa_0232
disambiguation_qa	disambiguation_qa_0233
disambiguation_qa	disambiguation_qa_0234
disambiguation_qa	disambiguation_qa_0235
disambiguation_qa	disambiguation_qa_0236
disambiguation_qa	disambiguation_qa_0237
disambiguation_qa	disambiguation_qa_0238
disambiguation_qa	disambiguation_qa_0239
disambiguation_qa	disambiguation_qa_0240
disambiguation_qa	disambiguation_qa_0241
disambiguation_qa	disambiguation_qa_0242
disambiguation_qa	disambiguation_qa_0243
disambiguation_qa	disambiguation_qa_0244
disambiguation_qa	disambiguation_qa_0245
disambiguation_qa	disambiguation_qa_0246
disambiguation_qa	disambiguation_qa_0247
disambiguation_qa	disambiguation_qa_0248
disambiguation_qa	disambiguation_qa_0249
formal_fallacies	formal_fallacies_0150
formal_fallacies	formal_fallacies_0151
formal_fallacies	formal_fallacies_0152
formal_fallacies	formal_fallacies_0153
formal_fallacies	formal_fallacies_0154
formal_fallacies	formal_fallacies_0155
formal_fallacies	formal_fallacies_0156
formal_fallacies	formal_fallacies_0157
formal_fallacies	formal_fallacies_0158
formal_fallacies	formal_fallacies_0159
formal_fallacies	formal_fallacies_0160
formal_fallacies	formal_fallacies_0161
formal_fallacies	formal_fallacies_0162
formal_fallacies	formal_fallacies_0163
formal_fallacies	formal_fallacies_0164
formal_fallacies	formal_fallacies_0165
formal_fallacies	formal_fallacies_0166
formal_fallacies	formal_fallacies_0167
formal_fallacies	formal_fallacies_0168
formal_fallacies	formal_fallacies_0169
formal_fallacies	formal_fallacies_0170
formal_fallacies	formal_fallacies_0171
formal_fallacies	formal_fallacies_0172
formal_fallacies	formal_fallacies_0173
formal_fallacies	formal_fallacies_0174
formal_fallacies	formal_fallacies_0175
formal_fallacies	formal_fallacies_0176
formal_fallacies	formal_fallacies_0177
formal_fallacies	formal_fallacies_0178
formal_fallacies	formal_fallacies_0179
formal_fallacies	formal_fallacies_0180
formal_fallacies	formal_fallacies_0181
formal_fallacies	formal_fallacies_0182
formal_fallacies	formal_fallacies_0183
formal_fallacies	formal_fallacies_0184
formal_fallacies	formal_fallacies_0185
formal_fallacies	formal_fallacies_0186
formal_fallacies	formal_fallacies_0187
formal_fallacies	formal_fallacies_0188
formal_fallacies	formal_fallacies_0189
formal_fallacies	formal_fallacies_0190
formal_fallacies	formal_fallacies_0191
formal_fallacies	formal_fallacies_0192
formal_fallacies	formal_fallacies_0193
formal_fallacies	formal_fallacies_0194
formal_fallacies	formal_fallacies_0195
formal_fallacies	formal_fallacies_0196
formal_fallacies	formal_fallacies_0197
formal_fallacies	formal_fallacies_0198
formal_fallacies	formal_fallacies_0199
formal_fallacies	formal_fallacies_0200
formal_fallacies	formal_fallacies_0201
formal_fallacies	formal_fallacies_0202
formal_fallacies	formal_fallacies_0203
formal_fallacies	formal_fallacies_0204
formal_fallacies	formal_fallacies_0205
formal_fallacies	formal_fallacies_0206
formal_fallacies	formal_fallacies_0207
formal_fallacies	formal_fallacies_0208
formal_fallacies	formal_fallacies_0209
formal_fallacies	formal_fallacies_0210
formal_fallacies	formal_fallacies_0211
formal_fallacies	formal_fallacies_0212
formal_fallacies	formal_fallacies_0213
formal_fallacies	formal_fallacies_0214
formal_fallacies	formal_fallacies_0215
formal_fallacies	formal_fallacies_0216
formal_fallacies	formal_fallacies_0217
formal_fallacies	formal_fallacies_0218
formal_fallacies	formal_fallacies_0219
formal_fallacies	formal_fallacies_0220
formal_fallacies	formal_fallacies_0221
formal_fallacies	formal_fallacies_0222
formal_fallacies	formal_fallacies_0223
formal_fallacies	formal_fallacies_0224
formal_fallacies	formal_fallacies_0225
formal_fallacies	formal_fallacies_0226
formal_fallacies	formal_fallacies_0227
formal_fallacies	formal_fallacies_0228
formal_fallacies	formal_fallacies_0229
formal_fallacies	formal_fallacies_0230
formal_fallacies	formal_fallacies_0231
formal_fallacies	formal_fallacies_0232
formal_fallacies	formal_fallacies_0233
formal_fallacies	formal_fallacies_0234
formal_fallacies	formal_fallacies_0235
formal_fallacies	formal_fallacies_0236
formal_fallacies	formal_fallacies_0237
formal_fallacies	formal_fallacies_0238
formal_fallacies	formal_fallacies_0239
formal_fallacies	formal_fallacies_0240
formal_fallacies	formal_fallacies_0241
formal_fallacies	formal_fallacies_0242
formal_fallacies	formal_fallacies_0243
formal_fallacies	formal_fallacies_0244
formal_fallacies	formal_fallacies_0245
formal_fallacies	formal_fallacies_0246
formal_fallacies	formal_fallacies_0247
formal_fallacies	formal_fallacies_0248
formal_fallacies	formal_fallacies_0249
geometric_shapes	geometric_shapes_0150
geometric_shapes	geometric_shapes_0151
geometric_shapes	geometric_shapes_0152
geometric_shapes	geometric_shapes_0153
geometric_shapes	geometric_shapes_0154
geometric_shapes	geometric_shapes_0155
geometric_shapes	geometric_shapes_0156
geometric_shapes	geometric_shapes_0157
geometric_shapes	geometric_shapes_0158
geometric_shapes	geometric_shapes_0159
geometric_shapes	geometric_shapes_0160
geometric_shapes	geometric_shapes_0161
geometric_shapes	geometric_shapes_0162
geometric_shapes	geometric_shapes_0163
geometric_shapes	geometric_shapes_0164
geometric_shapes	geometric_shapes_0165
geometric_shapes	geometric_shapes_0166
geometric_shapes	geometric_shapes_0167
geometric_shapes	geometric_shapes_0168
geometric_shapes	geometric_shapes_0169
geometric_shapes	geometric_shapes_0170
geometric_shapes	geometric_shapes_0171
geometric_shapes	geometric_shapes_0172
geometric_shapes	geometric_shapes_0173
geometric_shapes	geometric_shapes_0174
geometric_shapes	geometric_shapes_0175
geometric_shapes	geometric_shapes_0176
geometric_shapes	geometric_shapes_0177
geometric_shapes	geometric_shapes_0178
geometric_shapes	geometric_shapes_0179
geometric_shapes	geometric_shapes_0180
geometric_shapes	geometric_shapes_0181
geometric_shapes	geometric_shapes_0182
geometric_shapes	geometric_shapes_0183
geometric_shapes	geometric_shapes_0184
geometric_shapes	geometric_shapes_0185
geometric_shapes	geometric_shapes_0186
geometric_shapes	geometric_shapes_0187
geometric_shapes	geometric_shapes_0188
geometric_shapes	geometric_shapes_0189
geometric_shapes	geometric_shapes_0190
geometric_shapes	geometric_shapes_0191
geometric_shapes	geometric_shapes_0192
geometric_shapes	geometric_shapes_0193
geometric_shapes	geometric_shapes_0194
geometric_shapes	geometric_shapes_0195
geometric_shapes	geometric_shapes_0196
geometric_shapes	geometric_shapes_0197
geometric_shapes	geometric_shapes_0198
geometric_shapes	geometric_shapes_0199
geometric_shapes	geometric_shapes_0200
geometric_shapes	geometric_shapes_0201
geometric_shapes	geometric_shapes_0202
geometric_shapes	geometric_shapes_0203
geometric_shapes	geometric_shapes_0204
geometric_shapes	geometric_shapes_0205
geometric_shapes	geometric_shapes_0206
geometric_shapes	geometric_shapes_0207
geometric_shapes	geometric_shapes_0208
geometric_shapes	geometric_shapes_0209
geometric_shapes	geometric_shapes_0210
geometric_shapes	geometric_shapes_0211
geometric_shapes	geometric_shapes_0212
geometric_shapes	geometric_shapes_0213
geometric_shapes	geometric_shapes_0214
geometric_shapes	geometric_shapes_0215
geometric_shapes	geometric_shapes_0216
geometric_shapes	geometric_shapes_0217
geometric_shapes	geometric_shapes_0218
geometric_shapes	geometric_shapes_0219
geometric_shapes	geometric_shapes_0220
geometric_shapes	geometric_shapes_0221
geometric_shapes	geometric_shapes_0222
geometric_shapes	geometric_shapes_0223
geometric_shapes	geometric_shapes_0224
geometric_shapes	geometric_shapes_0225
geometric_shapes	geometric_shapes_0226
geometric_shapes	geometric_shapes_0227
geometric_shapes	geometric_shapes_0228
geometric_shapes	geometric_shapes_0229
geometric_shapes	geometric_shapes_0230
geometric_shapes	geometric_shapes_0231
geometric_shapes	geometric_shapes_0232
geometric_shapes	geometric_shapes_0233
geometric_shapes	geometric_shapes_0234
geometric_shapes	geometric_shapes_0235
geometric_shapes	geometric_shapes_0236
geometric_shapes	geometric_shapes_0237
geometric_shapes	geometric_shapes_0238
geometric_shapes	geometric_shapes_0239
geometric_shapes	geometric_shapes_0240
geometric_shapes	geometric_shapes_0241
geometric_shapes	geometric_shapes_0242
geometric_shapes	geometric_shapes_0243
geometric_shapes	geometric_shapes_0244
geometric_shapes	geometric_shapes_0245
geometric_shapes	geometric_shapes_0246
geometric_shapes	geometric_shapes_0247
geometric_shapes	geometric_shapes_0248
geometric_shapes	geometric_shapes_0249
logical_deduction_five_objects	logical_deduction_five_objects_0150
logical_deduction_five_objects	logical_deduction_five_objects_0151
logical_deduction_five_objects	logical_deduction_five_objects_0152
logical_deduction_five_objects	logical_deduction_five_objects_0153
logical_deduction_five_objects	logical_deduction_five_objects_0154
logical_deduction_five_objects	logical_deduction_five_objects_0155
logical_deduction_five_objects	logical_deduction_five_objects_0156
logical_deduction_five_objects	logical_deduction_five_objects_0157
logical_deduction_five_objects	logical_deduction_five_objects_0158
logical_deduction_five_objects	logical_deduction_five_objects_0159
logical_deduction_five_objects	logical_deduction_five_objects_0160
logical_deduction_five_objects	logical_deduction_five_objects_0161
logical_deduction_five_objects	logical_deduction_five_objects_0162
logical_deduction_five_objects	logical_deduction_five_objects_0163
logical_deduction_five_objects	logical_deduction_five_objects_0164
logical_deduction_five_objects	logical_deduction_five_objects_0165
logical_deduction_five_objects	logical_deduction_five_objects_0166
logical_deduction_five_objects	logical_deduction_five_objects_0167
logical_deduction_five_objects	logical_deduction_five_objects_0168
logical_deduction_five_objects	logical_deduction_five_objects_0169
logical_deduction_five_objects	logical_deduction_five_objects_0170
logical_deduction_five_objects	logical_deduction_five_objects_0171
logical_deduction_five_objects	logical_deduction_five_objects_0172
logical_deduction_five_objects	logical_deduction_five_objects_0173
logical_deduction_five_objects	logical_deduction_five_objects_0174
logical_deduction_five_objects	logical_deduction_five_objects_0175
logical_deduction_five_objects	logical_deduction_five_objects_0176
logical_deduction_five_objects	logical_deduction_five_objects_0177
logical_deduction_five_objects	logical_deduction_five_objects_0178
logical_deduction_five_objects	logical_deduction_five_objects_0179
logical_deduction_five_objects	logical_deduction_five_objects_0180
logical_deduction_five_objects	logical_deduction_five_objects_0181
logical_deduction_five_objects	logical_deduction_five_objects_0182
logical_deduction_five_objects	logical_deduction_five_objects_0183
logical_deduction_five_objects	logical_deduction_five_objects_0184
logical_deduction_five_objects	logical_deduction_five_objects_0185
logical_deduction_five_objects	logical_deduction_five_objects_0186
logical_deduction_five_objects	logical_deduction_five_objects_0187
logical_deduction_five_objects	logical_deduction_five_objects_0188
logical_deduction_five_objects	logical_deduction_five_objects_0189
logical_deduction_five_objects	logical_deduction_five_objects_0190
logical_deduction_five_objects	logical_deduction_five_objects_0191
logical_deduction_five_objects	logical_deduction_five_objects_0192
logical_deduction_five_objects	logical_deduction_five_objects_0193
logical_deduction_five_objects	logical_deduction_five_objects_0194
logical_deduction_five_objects	logical_deduction_five_objects_0195
logical_deduction_five_objects	logical_deduction_five_objects_0196
logical_deduction_five_objects	logical_deduction_five_objects_0197
logical_deduction_five_objects	logical_deduction_five_objects_0198
logical_deduction_five_objects	logical_deduction_five_objects_0199
logical_deduction_five_objects	logical_deduction_five_objects_0200
logical_deduction_five_objects	logical_deduction_five_objects_0201
logical_deduction_five_objects	logical_deduction_five_objects_0202
logical_deduction_five_objects	logical_deduction_five_objects_0203
logical_deduction_five_objects	logical_deduction_five_objects_0204
logical_deduction_five_objects	logical_deduction_five_objects_0205
logical_deduction_five_objects	logical_deduction_five_objects_0206
logical_deduction_five_objects	logical_deduction_five_objects_0207
logical_deduction_five_objects	logical_deduction_five_objects_0208
logical_deduction_five_objects	logical_deduction_five_objects_0209
logical_deduction_five_objects	logical_deduction_five_objects_0210
logical_deduction_five_objects	logical_deduction_five_objects_0211
logical_deduction_five_objects	logical_deduction_five_objects_0212
logical_deduction_five_objects	logical_deduction_five_objects_0213
logical_deduction_five_objects	logical_deduction_five_objects_0214
logical_deduction_five_objects	logical_deduction_five_objects_0215
logical_deduction_five_objects	logical_deduction_five_objects_0216
logical_deduction_five_objects	logical_deduction_five_objects_0217
logical_deduction_five_objects	logical_deduction_five_objects_0218
logical_deduction_five_objects	logical_deduction_five_objects_0219
logical_deduction_five_objects	logical_deduction_five_objects_0220
logical_deduction_five_objects	logical_deduction_five_objects_0221
logical_deduction_five_objects	logical_deduction_five_objects_0222
logical_deduction_five_objects	logical_deduction_five_objects_0223
logical_deduction_five_objects	logical_deduction_five_objects_0224
logical_deduction_five_objects	logical_deduction_five_objects_0225
logical_deduction_five_objects	logical_deduction_five_objects_0226
logical_deduction_five_objects	logical_deduction_five_objects_0227
logical_deduction_five_objects	logical_deduction_five_objects_0228
logical_deduction_five_objects	logical_deduction_five_objects_0229
logical_deduction_five_objects	logical_deduction_five_objects_0230
logical_deduction_five_objects	logical_deduction_five_objects_0231
logical_deduction_five_objects	logical_deduction_five_objects_0232
logical_deduction_five_objects	logical_deduction_five_objects_0233
logical_deduction_five_objects	logical_deduction_five_objects_0234
logical_deduction_five_objects	logical_deduction_five_objects_0235
logical_deduction_five_objects	logical_deduction_five_objects_0236
logical_deduction_five_objects	logical_deduction_five_objects_0237
logical_deduction_five_objects	logical_deduction_five_objects_0238
logical_deduction_five_objects	logical_deduction_five_objects_0239
logical_deduction_five_objects	logical_deduction_five_objects_0240
logical_deduction_five_objects	logical_deduction_five_objects_0241
logical_deduction_five_objects	logical_deduction_five_objects_0242
logical_deduction_five_objects	logical_deduction_five_objects_0243
logical_deduction_five_objects	logical_deduction_five_objects_0244
logical_deduction_five_objects	logical_deduction_five_objects_0245
logical_deduction_five_objects	logical_deduction_five_objects_0246
logical_deduction_five_objects	logical_deduction_five_objects_0247
logical_deduction_five_objects	logical_deduction_five_objects_0248
logical_deduction_five_objects	logical_deduction_five_objects_0249
logical_deduction_seven_objects	logical_deduction_seven_objects_0150
logical_deduction_seven_objects	logical_deduction_seven_objects_0151
logical_deduction_seven_objects	logical_deduction_seven_objects_0152
logical_deduction_seven_objects	logical_deduction_seven_objects_0153
logical_deduction_seven_objects	logical_deduction_seven_objects_0154
logical_deduction_seven_objects	logical_deduction_seven_objects_0155
logical_deduction_seven_objects	logical_deduction_seven_objects_0156
logical_deduction_seven_objects	logical_deduction_seven_objects_0157
logical_deduction_seven_objects	logical_deduction_seven_objects_0158
logical_deduction_seven_objects	logical_deduction_seven_objects_0159
logical_deduction_seven_objects	logical_deduction_seven_objects_0160
logical_deduction_seven_objects	logical_deduction_seven_objects_0161
logical_deduction_seven_objects	logical_deduction_seven_objects_0162
logical_deduction_seven_objects	logical_deduction_seven_objects_0163
logical_deduction_seven_objects	logical_deduction_seven_objects_0164
logical_deduction_seven_objects	logical_deduction_seven_objects_0165
logical_deduction_seven_objects	logical_deduction_seven_objects_0166
logical_deduction_seven_objects	logical_deduction_seven_objects_0167
logical_deduction_seven_objects	logical_deduction_seven_objects_0168
logical_deduction_seven_objects	logical_deduction_seven_objects_0169
logical_deduction_seven_objects	logical_deduction_seven_objects_0170
logical_deduction_seven_objects	logical_deduction_seven_objects_0171
logical_deduction_seven_objects	logical_deduction_seven_objects_0172
logical_deduction_seven_objects	logical_deduction_seven_objects_0173
logical_deduction_seven_objects	logical_deduction_seven_objects_0174
logical_deduction_seven_objects	logical_deduction_seven_objects_0175
logical_deduction_seven_objects	logical_deduction_seven_objects_0176
logical_deduction_seven_objects	logical_deduction_seven_objects_0177
logical_deduction_seven_objects	logical_deduction_seven_objects_0178
logical_deduction_seven_objects	logical_deduction_seven_objects_0179
logical_deduction_seven_objects	logical_deduction_seven_objects_0180
logical_deduction_seven_objects	logical_deduction_seven_objects_0181
logical_deduction_seven_objects	logical_deduction_seven_objects_0182
logical_deduction_seven_objects	logical_deduction_seven_objects_0183
logical_deduction_seven_objects	logical_deduction_seven_objects_0184
logical_deduction_seven_objects	logical_deduction_seven_objects_0185
logical_deduction_seven_objects	logical_deduction_seven_objects_0186
logical_deduction_seven_objects	logical_deduction_seven_objects_0187
logical_deduction_seven_objects	logical_deduction_seven_objects_0188
logical_deduction_seven_objects	logical_deduction_seven_objects_0189
logical_deduction_seven_objects	logical_deduction_seven_objects_0190
logical_deduction_seven_objects	logical_deduction_seven_objects_0191
logical_deduction_seven_objects	logical_deduction_seven_objects_0192
logical_deduction_seven_objects	logical_deduction_seven_objects_0193
logical_deduction_seven_objects	logical_deduction_seven_objects_0194
logical_deduction_seven_objects	logical_deduction_seven_objects_0195
logical_deduction_seven_objects	logical_deduction_seven_objects_0196
logical_deduction_seven_objects	logical_deduction_seven_objects_0197
logical_deduction_seven_objects	logical_deduction_seven_objects_0198
logical_deduction_seven_objects	logical_deduction_seven_objects_0199
logical_deduction_seven_objects	logical_deduction_seven_objects_0200
logical_deduction_seven_objects	logical_deduction_seven_objects_0201
logical_deduction_seven_objects	logical_deduction_seven_objects_0202
logical_deduction_seven_objects	logical_deduction_seven_objects_0203
logical_deduction_seven_objects	logical_deduction_seven_objects_0204
logical_deduction_seven_objects	logical_deduction_seven_objects_0205
logical_deduction_seven_objects	logical_deduction_seven_objects_0206
logical_deduction_seven_objects	logical_deduction_seven_objects_0207
logical_deduction_seven_objects	logical_deduction_seven_objects_0208
logical_deduction_seven_objects	logical_deduction_seven_objects_0209
logical_deduction_seven_objects	logical_deduction_seven_objects_0210
logical_deduction_seven_objects	logical_deduction_seven_objects_0211
logical_deduction_seven_objects	logical_deduction_seven_objects_0212
logical_deduction_seven_objects	logical_deduction_seven_objects_0213
logical_deduction_seven_objects	logical_deduction_seven_objects_0214
logical_deduction_seven_objects	logical_deduction_seven_objects_0215
logical_deduction_seven_objects	logical_deduction_seven_objects_0216
logical_deduction_seven_objects	logical_deduction_seven_objects_0217
logical_deduction_seven_objects	logical_deduction_seven_objects_0218
logical_deduction_seven_objects	logical_deduction_seven_objects_0219
logical_deduction_seven_objects	logical_deduction_seven_objects_0220
logical_deduction_seven_objects	logical_deduction_seven_objects_0221
logical_deduction_seven_objects	logical_deduction_seven_objects_0222
logical_deduction_seven_objects	logical_deduction_seven_objects_0223
logical_deduction_seven_objects	logical_deduction_seven_objects_0224
logical_deduction_seven_objects	logical_deduction_seven_objects_0225
logical_deduction_seven_objects	logical_deduction_seven_objects_0226
logical_deduction_seven_objects	logical_deduction_seven_objects_0227
logical_deduction_seven_objects	logical_deduction_seven_objects_0228
logical_deduction_seven_objects	logical_deduction_seven_objects_0229
logical_deduction_seven_objects	logical_deduction_seven_objects_0230
logical_deduction_seven_objects	logical_deduction_seven_objects_0231
logical_deduction_seven_objects	logical_deduction_seven_objects_0232
logical_deduction_seven_objects	logical_deduction_seven_objects_0233
logical_deduction_seven_objects	logical_deduction_seven_objects_0234
logical_deduction_seven_objects	logical_deduction_seven_objects_0235
logical_deduction_seven_objects	logical_deduction_seven_objects_0236
logical_deduction_seven_objects	logical_deduction_seven_objects_0237
logical_deduction_seven_objects	logical_deduction_seven_objects_0238
logical_deduction_seven_objects	logical_deduction_seven_objects_0239
logical_deduction_seven_objects	logical_deduction_seven_objects_0240
logical_deduction_seven_objects	logical_deduction_seven_objects_0241
logical_deduction_seven_objects	logical_deduction_seven_objects_0242
logical_deduction_seven_objects	logical_deduction_seven_objects_0243
logical_deduction_seven_objects	logical_deduction_seven_objects_0244
logical_deduction_seven_objects	logical_deduction_seven_objects_0245
logical_deduction_seven_objects	logical_deduction_seven_objects_0246
logical_deduction_seven_objects	logical_deduction_seven_objects_0247
logical_deduction_seven_objects	logical_deduction_seven_objects_0248
logical_deduction_seven_objects	logical_deduction_seven_objects_0249
logical_deduction_three	logical_deduction_three_objects_0150
logical_deduction_three	logical_deduction_three_objects_0151
logical_deduction_three	logical_deduction_three_objects_0152
logical_deduction_three	logical_deduction_three_objects_0153
logical_deduction_three	logical_deduction_three_objects_0154
logical_deduction_three	logical_deduction_three_objects_0155
logical_deduction_three	logical_deduction_three_objects_0156
logical_deduction_three	logical_deduction_three_objects_0157
logical_deduction_three	logical_deduction_three_objects_0158
logical_deduction_three	logical_deduction_three_objects_0159
logical_deduction_three	logical_deduction_three_objects_0160
logical_deduction_three	logical_deduction_three_objects_0161
logical_deduction_three	logical_deduction_three_objects_0162
logical_deduction_three	logical_deduction_three_objects_0163
logical_deduction_three	logical_deduction_three_objects_0164
logical_deduction_three	logical_deduction_three_objects_0165
logical_deduction_three	logical_deduction_three_objects_0166
logical_deduction_three	logical_deduction_three_objects_0167
logical_deduction_three	logical_deduction_three_objects_0168
logical_deduction_three	logical_deduction_three_objects_0169
logical_deduction_three	logical_deduction_three_objects_0170
logical_deduction_three	logical_deduction_three_objects_0171
logical_deduction_three	logical_deduction_three_objects_0172
logical_deduction_three	logical_deduction_three_objects_0173
logical_deduction_three	logical_deduction_three_objects_0174
logical_deduction_three	logical_deduction_three_objects_0175
logical_deduction_three	logical_deduction_three_objects_0176
logical_deduction_three	logical_deduction_three_objects_0177
logical_deduction_three	logical_deduction_three_objects_0178
logical_deduction_three	logical_deduction_three_objects_0179
logical_deduction_three	logical_deduction_three_objects_0180
logical_deduction_three	logical_deduction_three_objects_0181
logical_deduction_three	logical_deduction_three_objects_0182
logical_deduction_three	logical_deduction_three_objects_0183
logical_deduction_three	logical_deduction_three_objects_0184
logical_deduction_three	logical_deduction_three_objects_0185
logical_deduction_three	logical_deduction_three_objects_0186
logical_deduction_three	logical_deduction_three_objects_0187
logical_deduction_three	logical_deduction_three_objects_0188
logical_deduction_three	logical_deduction_three_objects_0189
logical_deduction_three	logical_deduction_three_objects_0190
logical_deduction_three	logical_deduction_three_objects_0191
logical_deduction_three	logical_deduction_three_objects_0192
logical_deduction_three	logical_deduction_three_objects_0193
logical_deduction_three	logical_deduction_three_objects_0194
logical_deduction_three	logical_deduction_three_objects_0195
logical_deduction_three	logical_deduction_three_objects_0196
logical_deduction_three	logical_deduction_three_objects_0197
logical_deduction_three	logical_deduction_three_objects_0198
logical_deduction_three	logical_deduction_three_objects_0199
logical_deduction_three	logical_deduction_three_objects_0200
logical_deduction_three	logical_deduction_three_objects_0201
logical_deduction_three	logical_deduction_three_objects_0202
logical_deduction_three	logical_deduction_three_objects_0203
logical_deduction_three	logical_deduction_three_objects_0204
logical_deduction_three	logical_deduction_three_objects_0205
logical_deduction_three	logical_deduction_three_objects_0206
logical_deduction_three	logical_deduction_three_objects_0207
logical_deduction_three	logical_deduction_three_objects_0208
logical_deduction_three	logical_deduction_three_objects_0209
logical_deduction_three	logical_deduction_three_objects_0210
logical_deduction_three	logical_deduction_three_objects_0211
logical_deduction_three	logical_deduction_three_objects_0212
logical_deduction_three	logical_deduction_three_objects_0213
logical_deduction_three	logical_deduction_three_objects_0214
logical_deduction_three	logical_deduction_three_objects_0215
logical_deduction_three	logical_deduction_three_objects_0216
logical_deduction_three	logical_deduction_three_objects_0217
logical_deduction_three	logical_deduction_three_objects_0218
logical_deduction_three	logical_deduction_three_objects_0219
logical_deduction_three	logical_deduction_three_objects_0220
logical_deduction_three	logical_deduction_three_objects_0221
logical_deduction_three	logical_deduction_three_objects_0222
logical_deduction_three	logical_deduction_three_objects_0223
logical_deduction_three	logical_deduction_three_objects_0224
logical_deduction_three	logical_deduction_three_objects_0225
logical_deduction_three	logical_deduction_three_objects_0226
logical_deduction_three	logical_deduction_three_objects_0227
logical_deduction_three	logical_deduction_three_objects_0228
logical_deduction_three	logical_deduction_three_objects_0229
logical_deduction_three	logical_deduction_three_objects_0230
logical_deduction_three	logical_deduction_three_objects_0231
logical_deduction_three	logical_deduction_three_objects_0232
logical_deduction_three	logical_deduction_three_objects_0233
logical_deduction_three	logical_deduction_three_objects_0234
logical_deduction_three	logical_deduction_three_objects_0235
logical_deduction_three	logical_deduction_three_objects_0236
logical_deduction_three	logical_deduction_three_objects_0237
logical_deduction_three	logical_deduction_three_objects_0238
logical_deduction_three	logical_deduction_three_objects_0239
logical_deduction_three	logical_deduction_three_objects_0240
logical_deduction_three	logical_deduction_three_objects_0241
logical_deduction_three	logical_deduction_three_objects_0242
logical_deduction_three	logical_deduction_three_objects_0243
logical_deduction_three	logical_deduction_three_objects_0244
logical_deduction_three	logical_deduction_three_objects_0245
logical_deduction_three	logical_deduction_three_objects_0246
logical_deduction_three	logical_deduction_three_objects_0247
logical_deduction_three	logical_deduction_three_objects_0248
logical_deduction_three	logical_deduction_three_objects_0249
navigate	navigate_0150
navigate	navigate_0151
navigate	navigate_0152
navigate	navigate_0153
navigate	navigate_0154
navigate	navigate_0155
navigate	navigate_0156
navigate	navigate_0157
navigate	navigate_0158
navigate	navigate_0159
navigate	navigate_0160
navigate	navigate_0161
navigate	navigate_0162
navigate	navigate_0163
navigate	navigate_0164
navigate	navigate_0165
navigate	navigate_0166
navigate	navigate_0167
navigate	navigate_0168
navigate	navigate_0169
navigate	navigate_0170
navigate	navigate_0171
navigate	navigate_0172
navigate	navigate_0173
navigate	navigate_0174
navigate	navigate_0175
navigate	navigate_0176
navigate	navigate_0177
navigate	navigate_0178
navigate	navigate_0179
navigate	navigate_0180
navigate	navigate_0181
navigate	navigate_0182
navigate	navigate_0183
navigate	navigate_0184
navigate	navigate_0185
navigate	navigate_0186
navigate	navigate_0187
navigate	navigate_0188
navigate	navigate_0189
navigate	navigate_0190
navigate	navigate_0191
navigate	navigate_0192
navigate	navigate_0193
navigate	navigate_0194
navigate	navigate_0195
navigate	navigate_0196
navigate	navigate_0197
navigate	navigate_0198
navigate	navigate_0199
navigate	navigate_0200
navigate	navigate_0201
navigate	navigate_0202
navigate	navigate_0203
navigate	navigate_0204
navigate	navigate_0205
navigate	navigate_0206
navigate	navigate_0207
navigate	navigate_0208
navigate	navigate_0209
navigate	navigate_0210
navigate	navigate_0211
navigate	navigate_0212
navigate	navigate_0213
navigate	navigate_0214
navigate	navigate_0215
navigate	navigate_0216
navigate	navigate_0217
navigate	navigate_0218
navigate	navigate_0219
navigate	navigate_0220
navigate	navigate_0221
navigate	navigate_0222
navigate	navigate_0223
navigate	navigate_0224
navigate	navigate_0225
navigate	navigate_0226
navigate	navigate_0227
navigate	navigate_0228
navigate	navigate_0229
navigate	navigate_0230
navigate	navigate_0231
navigate	navigate_0232
navigate	navigate_0233
navigate	navigate_0234
navigate	navigate_0235
navigate	navigate_0236
navigate	navigate_0237
navigate	navigate_0238
navigate	navigate_0239
navigate	navigate_0240
navigate	navigate_0241
navigate	navigate_0242
navigate	navigate_0243
navigate	navigate_0244
navigate	navigate_0245
navigate	navigate_0246
navigate	navigate_0247
navigate	navigate_0248
navigate	navigate_0249
object_counting	object_counting_0150
object_counting	object_counting_0151
object_counting	object_counting_0152
object_counting	object_counting_0153
object_counting	object_counting_0154
object_counting	object_counting_0155
object_counting	object_counting_0156
object_counting	object_counting_0157
object_counting	object_counting_0158
object_counting	object_counting_0159
object_counting	object_counting_0160
object_counting	object_counting_0161
object_counting	object_counting_0162
object_counting	object_counting_0163
object_counting	object_counting_0164
object_counting	object_counting_0165
object_counting	object_counting_0166
object_counting	object_counting_0167
object_counting	object_counting_0168
object_counting	object_counting_0169
object_counting	object_counting_0170
object_counting	object_counting_0171
object_counting	object_counting_0172
object_counting	object_counting_0173
object_counting	object_counting_0174
object_counting	object_counting_0175
object_counting	object_counting_0176
object_counting	object_counting_0177
object_counting	object_counting_0178
object_counting	object_counting_0179
object_counting	object_counting_0180
object_counting	object_counting_0181
object_counting	object_counting_0182
object_counting	object_counting_0183
object_counting	object_counting_0184
object_counting	object_counting_0185
object_counting	object_counting_0186
object_counting	object_counting_0187
object_counting	object_counting_0188
object_counting	object_counting_0189
object_counting	object_counting_0190
object_counting	object_counting_0191
object_counting	object_counting_0192
object_counting	object_counting_0193
object_counting	object_counting_0194
object_counting	object_counting_0195
object_counting	object_counting_0196
object_counting	object_counting_0197
object_counting	object_counting_0198
object_counting	object_counting_0199
object_counting	object_counting_0200
object_counting	object_counting_0201
object_counting	object_counting_0202
object_counting	object_counting_0203
object_counting	object_counting_0204
object_counting	object_counting_0205
object_counting	object_counting_0206
object_counting	object_counting_0207
object_counting	object_counting_0208
object_counting	object_counting_0209
object_counting	object_counting_0210
object_counting	object_counting_0211
object_counting	object_counting_0212
object_counting	object_counting_0213
object_counting	object_counting_0214
object_counting	object_counting_0215
object_counting	object_counting_0216
object_counting	object_counting_0217
object_counting	object_counting_0218
object_counting	object_counting_0219
object_counting	object_counting_0220
object_counting	object_counting_0221
object_counting	object_counting_0222
object_counting	object_counting_0223
object_counting	object_counting_0224
object_counting	object_counting_0225
object_counting	object_counting_0226
object_counting	object_counting_0227
object_counting	object_counting_0228
object_counting	object_counting_0229
object_counting	object_counting_0230
object_counting	object_counting_0231
object_counting	object_counting_0232
object_counting	object_counting_0233
object_counting	object_counting_0234
object_counting	object_counting_0235
object_counting	object_counting_0236
object_counting	object_counting_0237
object_counting	object_counting_0238
object_counting	object_counting_0239
object_counting	object_counting_0240
object_counting	object_counting_0241
object_counting	object_counting_0242
object_counting	object_counting_0243
object_counting	object_counting_0244
object_counting	object_counting_0245
object_counting	object_counting_0246
object_counting	object_counting_0247
object_counting	object_counting_0248
object_counting	object_counting_0249
penguins_in_a_table	penguins_in_a_table_0088
penguins_in_a_table	penguins_in_a_table_0089
penguins_in_a_table	penguins_in_a_table_0090
penguins_in_a_table	penguins_in_a_table_0091
penguins_in_a_table	penguins_in_a_table_0092
penguins_in_a_table	penguins_in_a_table_0093
penguins_in_a_table	penguins_in_a_table_0094
penguins_in_a_table	penguins_in_a_table_0095
penguins_in_a_table	penguins_in_a_table_0096
penguins_in_a_table	penguins_in_a_table_0097
penguins_in_a_table	penguins_in_a_table_0098
penguins_in_a_table	penguins_in_a_table_0099
penguins_in_a_table	penguins_in_a_table_0100
penguins_in_a_table	penguins_in_a_table_0101
penguins_in_a_table	penguins_in_a_table_0102
penguins_in_a_table	penguins_in_a_table_0103
penguins_in_a_table	penguins_in_a_table_0104
penguins_in_a_table	penguins_in_a_table_0105
penguins_in_a_table	penguins_in_a_table_0106
penguins_in_a_table	penguins_in_a_table_0107
penguins_in_a_table	penguins_in_a_table_0108
penguins_in_a_table	penguins_in_a_table_0109
penguins_in_a_table	penguins_in_a_table_0110
penguins_in_a_table	penguins_in_a_table_0111
penguins_in_a_table	penguins_in_a_table_0112
penguins_in_a_table	penguins_in_a_table_0113
penguins_in_a_table	penguins_in_a_table_0114
penguins_in_a_table	penguins_in_a_table_0115
penguins_in_a_table	penguins_in_a_table_0116
penguins_in_a_table	penguins_in_a_table_0117
penguins_in_a_table	penguins_in_a_table_0118
penguins_in_a_table	penguins_in_a_table_0119
penguins_in_a_table	penguins_in_a_table_0120
penguins_in_a_table	penguins_in_a_table_0121
penguins_in_a_table	penguins_in_a_table_0122
penguins_in_a_table	penguins_in_a_table_0123
penguins_in_a_table	penguins_in_a_table_0124
penguins_in_a_table	penguins_in_a_table_0125
penguins_in_a_table	penguins_in_a_table_0126
penguins_in_a_table	penguins_in_a_table_0127
penguins_in_a_table	penguins_in_a_table_0128
penguins_in_a_table	penguins_in_a_table_0129
penguins_in_a_table	penguins_in_a_table_0130
penguins_in_a_table	penguins_in_a_table_0131
penguins_in_a_table	penguins_in_a_table_0132
penguins_in_a_table	penguins_in_a_table_0133
penguins_in_a_table	penguins_in_a_table_0134
penguins_in_a_table	penguins_in_a_table_0135
penguins_in_a_table	penguins_in_a_table_0136
penguins_in_a_table	penguins_in_a_table_0137
penguins_in_a_table	penguins_in_a_table_0138
penguins_in_a_table	penguins_in_a_table_0139
penguins_in_a_table	penguins_in_a_table_0140
penguins_in_a_table	penguins_in_a_table_0141
penguins_in_a_table	penguins_in_a_table_0142
penguins_in_a_table	penguins_in_a_table_0143
penguins_in_a_table	penguins_in_a_table_0144
penguins_in_a_table	penguins_in_a_table_0145
reasoning_about_colored_objects	reasoning_about_colored_objects_0150
reasoning_about_colored_objects	reasoning_about_colored_objects_0151
reasoning_about_colored_objects	reasoning_about_colored_objects_0152
reasoning_about_colored_objects	reasoning_about_colored_objects_0153
reasoning_about_colored_objects	reasoning_about_colored_objects_0154
reasoning_about_colored_objects	reasoning_about_colored_objects_0155
reasoning_about_colored_objects	reasoning_about_colored_objects_0156
reasoning_about_colored_objects	reasoning_about_colored_objects_0157
reasoning_about_colored_objects	reasoning_about_colored_objects_0158
reasoning_about_colored_objects	reasoning_about_colored_objects_0159
reasoning_about_colored_objects	reasoning_about_colored_objects_0160
reasoning_about_colored_objects	reasoning_about_colored_objects_0161
reasoning_about_colored_objects	reasoning_about_colored_objects_0162
reasoning_about_colored_objects	reasoning_about_colored_objects_0163
reasoning_about_colored_objects	reasoning_about_colored_objects_0164
reasoning_about_colored_objects	reasoning_about_colored_objects_0165
reasoning_about_colored_objects	reasoning_about_colored_objects_0166
reasoning_about_colored_objects	reasoning_about_colored_objects_0167
reasoning_about_colored_objects	reasoning_about_colored_objects_0168
reasoning_about_colored_objects	reasoning_about_colored_objects_0169
reasoning_about_colored_objects	reasoning_about_colored_objects_0170
reasoning_about_colored_objects	reasoning_about_colored_objects_0171
reasoning_about_colored_objects	reasoning_about_colored_objects_0172
reasoning_about_colored_objects	reasoning_about_colored_objects_0173
reasoning_about_colored_objects	reasoning_about_colored_objects_0174
reasoning_about_colored_objects	reasoning_about_colored_objects_0175
reasoning_about_colored_objects	reasoning_about_colored_objects_0176
reasoning_about_colored_objects	reasoning_about_colored_objects_0177
reasoning_about_colored_objects	reasoning_about_colored_objects_0178
reasoning_about_colored_objects	reasoning_about_colored_objects_0179
reasoning_about_colored_objects	reasoning_about_colored_objects_0180
reasoning_about_colored_objects	reasoning_about_colored_objects_0181
reasoning_about_colored_objects	reasoning_about_colored_objects_0182
reasoning_about_colored_objects	reasoning_about_colored_objects_0183
reasoning_about_colored_objects	reasoning_about_colored_objects_0184
reasoning_about_colored_objects	reasoning_about_colored_objects_0185
reasoning_about_colored_objects	reasoning_about_colored_objects_0186
reasoning_about_colored_objects	reasoning_about_colored_objects_0187
reasoning_about_colored_objects	reasoning_about_colored_objects_0188
reasoning_about_colored_objects	reasoning_about_colored_objects_0189
reasoning_about_colored_objects	reasoning_about_colored_objects_0190
reasoning_about_colored_objects	reasoning_about_colored_objects_0191
reasoning_about_colored_objects	reasoning_about_colored_objects_0192
reasoning_about_colored_objects	reasoning_about_colored_objects_0193
reasoning_about_colored_objects	reasoning_about_colored_objects_0194
reasoning_about_colored_objects	reasoning_about_colored_objects_0195
reasoning_about_colored_objects	reasoning_about_colored_objects_0196
reasoning_about_colored_objects	reasoning_about_colored_objects_0197
reasoning_about_colored_objects	reasoning_about_colored_objects_0198
reasoning_about_colored_objects	reasoning_about_colored_objects_0199
reasoning_about_colored_objects	reasoning_about_colored_objects_0200
reasoning_about_colored_objects	reasoning_about_colored_objects_0201
reasoning_about_colored_objects	reasoning_about_colored_objects_0202
reasoning_about_colored_objects	reasoning_about_colored_objects_0203
reasoning_about_colored_objects	reasoning_about_colored_objects_0204
reasoning_about_colored_objects	reasoning_about_colored_objects_0205
reasoning_about_colored_objects	reasoning_about_colored_objects_0206
reasoning_about_colored_objects	reasoning_about_colored_objects_0207
reasoning_about_colored_objects	reasoning_about_colored_objects_0208
reasoning_about_colored_objects	reasoning_about_colored_objects_0209
reasoning_about_colored_objects	reasoning_about_colored_objects_0210
reasoning_about_colored_objects	reasoning_about_colored_objects_0211
reasoning_about_colored_objects	reasoning_about_colored_objects_0212
reasoning_about_colored_objects	reasoning_about_colored_objects_0213
reasoning_about_colored_objects	reasoning_about_colored_objects_0214
reasoning_about_colored_objects	reasoning_about_colored_objects_0215
reasoning_about_colored_objects	reasoning_about_colored_objects_0216
reasoning_about_colored_objects	reasoning_about_colored_objects_0217
reasoning_about_colored_objects	reasoning_about_colored_objects_0218
reasoning_about_colored_objects	reasoning_about_colored_objects_0219
reasoning_about_colored_objects	reasoning_about_colored_objects_0220
reasoning_about_colored_objects	reasoning_about_colored_objects_0221
reasoning_about_colored_objects	reasoning_about_colored_objects_0222
reasoning_about_colored_objects	reasoning_about_colored_objects_0223
reasoning_about_colored_objects	reasoning_about_colored_objects_0224
reasoning_about_colored_objects	reasoning_about_colored_objects_0225
reasoning_about_colored_objects	reasoning_about_colored_objects_0226
reasoning_about_colored_objects	reasoning_about_colored_objects_0227
reasoning_about_colored_objects	reasoning_about_colored_objects_0228
reasoning_about_colored_objects	reasoning_about_colored_objects_0229
reasoning_about_colored_objects	reasoning_about_colored_objects_0230
reasoning_about_colored_objects	reasoning_about_colored_objects_0231
reasoning_about_colored_objects	reasoning_about_colored_objects_0232
reasoning_about_colored_objects	reasoning_about_colored_objects_0233
reasoning_about_colored_objects	reasoning_about_colored_objects_0234
reasoning_about_colored_objects	reasoning_about_colored_objects_0235
reasoning_about_colored_objects	reasoning_about_colored_objects_0236
reasoning_about_colored_objects	reasoning_about_colored_objects_0237
reasoning_about_colored_objects	reasoning_about_colored_objects_0238
reasoning_about_colored_objects	reasoning_about_colored_objects_0239
reasoning_about_colored_objects	reasoning_about_colored_objects_0240
reasoning_about_colored_objects	reasoning_about_colored_objects_0241
reasoning_about_colored_objects	reasoning_about_colored_objects_0242
reasoning_about_colored_objects	reasoning_about_colored_objects_0243
reasoning_about_colored_objects	reasoning_about_colored_objects_0244
reasoning_about_colored_objects	reasoning_about_colored_objects_0245
reasoning_about_colored_objects	reasoning_about_colored_objects_0246
reasoning_about_colored_objects	reasoning_about_colored_objects_0247
reasoning_about_colored_objects	reasoning_about_colored_objects_0248
reasoning_about_colored_objects	reasoning_about_colored_objects_0249
snarks	snarks_0107
snarks	snarks_0108
snarks	snarks_0109
snarks	snarks_0110
snarks	snarks_0111
snarks	snarks_0112
snarks	snarks_0113
snarks	snarks_0114
snarks	snarks_0115
snarks	snarks_0116
snarks	snarks_0117
snarks	snarks_0118
snarks	snarks_0119
snarks	snarks_0120
snarks	snarks_0121
snarks	snarks_0122
snarks	snarks_0123
snarks	snarks_0124
snarks	snarks_0125
snarks	snarks_0126
snarks	snarks_0127
snarks	snarks_0128
snarks	snarks_0129
snarks	snarks_0130
snarks	snarks_0131
snarks	snarks_0132
snarks	snarks_0133
snarks	snarks_0134
snarks	snarks_0135
snarks	snarks_0136
snarks	snarks_0137
snarks	snarks_0138
snarks	snarks_0139
snarks	snarks_0140
snarks	snarks_0141
snarks	snarks_0142
snarks	snarks_0143
snarks	snarks_0144
snarks	snarks_0145
snarks	snarks_0146
snarks	snarks_0147
snarks	snarks_0148
snarks	snarks_0149
snarks	snarks_0150
snarks	snarks_0151
snarks	snarks_0152
snarks	snarks_0153
snarks	snarks_0154
snarks	snarks_0155
snarks	snarks_0156
snarks	snarks_0157
snarks	snarks_0158
snarks	snarks_0159
snarks	snarks_0160
snarks	snarks_0161
snarks	snarks_0162
snarks	snarks_0163
snarks	snarks_0164
snarks	snarks_0165
snarks	snarks_0166
snarks	snarks_0167
snarks	snarks_0168
snarks	snarks_0169
snarks	snarks_0170
snarks	snarks_0171
snarks	snarks_0172
snarks	snarks_0173
snarks	snarks_0174
snarks	snarks_0175
snarks	snarks_0176
snarks	snarks_0177
sports_understanding	sports_understanding_0150
sports_understanding	sports_understanding_0151
sports_understanding	sports_understanding_0152
sports_understanding	sports_understanding_0153
sports_understanding	sports_understanding_0154
sports_understanding	sports_understanding_0155
sports_understanding	sports_understanding_0156
sports_understanding	sports_understanding_0157
sports_understanding	sports_understanding_0158
sports_understanding	sports_understanding_0159
sports_understanding	sports_understanding_0160
sports_understanding	sports_understanding_0161
sports_understanding	sports_understanding_0162
sports_understanding	sports_understanding_0163
sports_understanding	sports_understanding_0164
sports_understanding	sports_understanding_0165
sports_understanding	sports_understanding_0166
sports_understanding	sports_understanding_0167
sports_understanding	sports_understanding_0168
sports_understanding	sports_understanding_0169
sports_understanding	sports_understanding_0170
sports_understanding	sports_understanding_0171
sports_understanding	sports_understanding_0172
sports_understanding	sports_understanding_0173
sports_understanding	sports_understanding_0174
sports_understanding	sports_understanding_0175
sports_understanding	sports_understanding_0176
sports_understanding	sports_understanding_0177
sports_understanding	sports_understanding_0178
sports_understanding	sports_understanding_0179
sports_understanding	sports_understanding_0180
sports_understanding	sports_understanding_0181
sports_understanding	sports_understanding_0182
sports_understanding	sports_understanding_0183
sports_understanding	sports_understanding_0184
sports_understanding	sports_understanding_0185
sports_understanding	sports_understanding_0186
sports_understanding	sports_understanding_0187
sports_understanding	sports_understanding_0188
sports_understanding	sports_understanding_0189
sports_understanding	sports_understanding_0190
sports_understanding	sports_understanding_0191
sports_understanding	sports_understanding_0192
sports_understanding	sports_understanding_0193
sports_understanding	sports_understanding_0194
sports_understanding	sports_understanding_0195
sports_understanding	sports_understanding_0196
sports_understanding	sports_understanding_0197
sports_understanding	sports_understanding_0198
sports_understanding	sports_understanding_0199
sports_understanding	sports_understanding_0200
sports_understanding	sports_understanding_0201
sports_understanding	sports_understanding_0202
sports_understanding	sports_understanding_0203
sports_understanding	sports_understanding_0204
sports_understanding	sports_understanding_0205
sports_understanding	sports_understanding_0206
sports_understanding	sports_understanding_0207
sports_understanding	sports_understanding_0208
sports_understanding	sports_understanding_0209
sports_understanding	sports_understanding_0210
sports_understanding	sports_understanding_0211
sports_understanding	sports_understanding_0212
sports_understanding	sports_understanding_0213
sports_understanding	sports_understanding_0214
sports_understanding	sports_understanding_0215
sports_understanding	sports_understanding_0216
sports_understanding	sports_understanding_0217
sports_understanding	sports_understanding_0218
sports_understanding	sports_understanding_0219
sports_understanding	sports_understanding_0220
sports_understanding	sports_understanding_0221
sports_understanding	sports_understanding_0222
sports_understanding	sports_understanding_0223
sports_understanding	sports_understanding_0224
sports_understanding	sports_understanding_0225
sports_understanding	sports_understanding_0226
sports_understanding	sports_understanding_0227
sports_understanding	sports_understanding_0228
sports_understanding	sports_understanding_0229
sports_understanding	sports_understanding_0230
sports_understanding	sports_understanding_0231
sports_understanding	sports_understanding_0232
sports_understanding	sports_understanding_0233
sports_understanding	sports_understanding_0234
sports_understanding	sports_understanding_0235
sports_understanding	sports_understanding_0236
sports_understanding	sports_understanding_0237
sports_understanding	sports_understanding_0238
sports_understanding	sports_understanding_0239
sports_understanding	sports_understanding_0240
sports_understanding	sports_understanding_0241
sports_understanding	sports_understanding_0242
sports_understanding	sports_understanding_0243
sports_understanding	sports_understanding_0244
sports_understanding	sports_understanding_0245
sports_understanding	sports_understanding_0246
sports_understanding	sports_understanding_0247
sports_understanding	sports_understanding_0248
sports_understanding	sports_understanding_0249
temporal_sequences	temporal_sequences_0150
temporal_sequences	temporal_sequences_0151
temporal_sequences	temporal_sequences_0152
temporal_sequences	temporal_sequences_0153
temporal_sequences	temporal_sequences_0154
temporal_sequences	temporal_sequences_0155
temporal_sequences	temporal_sequences_0156
temporal_sequences	temporal_sequences_0157
temporal_sequences	temporal_sequences_0158
temporal_sequences	temporal_sequences_0159
temporal_sequences	temporal_sequences_0160
temporal_sequences	temporal_sequences_0161
temporal_sequences	temporal_sequences_0162
temporal_sequences	temporal_sequences_0163
temporal_sequences	temporal_sequences_0164
temporal_sequences	temporal_sequences_0165
temporal_sequences	temporal_sequences_0166
temporal_sequences	temporal_sequences_0167
temporal_sequences	temporal_sequences_0168
temporal_sequences	temporal_sequences_0169
temporal_sequences	temporal_sequences_0170
temporal_sequences	temporal_sequences_0171
temporal_sequences	temporal_sequences_0172
temporal_sequences	temporal_sequences_0173
temporal_sequences	temporal_sequences_0174
temporal_sequences	temporal_sequences_0175
temporal_sequences	temporal_sequences_0176
temporal_sequences	temporal_sequences_0177
temporal_sequences	temporal_sequences_0178
temporal_sequences	temporal_sequences_0179
temporal_sequences	temporal_sequences_0180
temporal_sequences	temporal_sequences_0181
temporal_sequences	temporal_sequences_0182
temporal_sequences	temporal_sequences_0183
temporal_sequences	temporal_sequences_0184
temporal_sequences	temporal_sequences_0185
temporal_sequences	temporal_sequences_0186
temporal_sequences	temporal_sequences_0187
temporal_sequences	temporal_sequences_0188
temporal_sequences	temporal_sequences_0189
temporal_sequences	temporal_sequences_0190
temporal_sequences	temporal_sequences_0191
temporal_sequences	temporal_sequences_0192
temporal_sequences	temporal_sequences_0193
temporal_sequences	temporal_sequences_0194
temporal_sequences	temporal_sequences_0195
temporal_sequences	temporal_sequences_0196
temporal_sequences	temporal_sequences_0197
temporal_sequences	temporal_sequences_0198
temporal_sequences	temporal_sequences_0199
temporal_sequences	temporal_sequences_0200
temporal_sequences	temporal_sequences_0201
temporal_sequences	temporal_sequences_0202
temporal_sequences	temporal_sequences_0203
temporal_sequences	temporal_sequences_0204
temporal_sequences	temporal_sequences_0205
temporal_sequences	temporal_sequences_0206
temporal_sequences	temporal_sequences_0207
temporal_sequences	temporal_sequences_0208
temporal_sequences	temporal_sequences_0209
temporal_sequences	temporal_sequences_0210
temporal_sequences	temporal_sequences_0211
temporal_sequences	temporal_sequences_0212
temporal_sequences	temporal_sequences_0213
temporal_sequences	temporal_sequences_0214
temporal_sequences	temporal_sequences_0215
temporal_sequences	temporal_sequences_0216
temporal_sequences	temporal_sequences_0217
temporal_sequences	temporal_sequences_0218
temporal_sequences	temporal_sequences_0219
temporal_sequences	temporal_sequences_0220
temporal_sequences	temporal_sequences_0221
temporal_sequences	temporal_sequences_0222
temporal_sequences	temporal_sequences_0223
temporal_sequences	temporal_sequences_0224
temporal_sequences	temporal_sequences_0225
temporal_sequences	temporal_sequences_0226
temporal_sequences	temporal_sequences_0227
temporal_sequences	temporal_sequences_0228
temporal_sequences	temporal_sequences_0229
temporal_sequences	temporal_sequences_0230
temporal_sequences	temporal_sequences_0231
temporal_sequences	temporal_sequences_0232
temporal_sequences	temporal_sequences_0233
temporal_sequences	temporal_sequences_0234
temporal_sequences	temporal_sequences_0235
temporal_sequences	temporal_sequences_0236
temporal_sequences	temporal_sequences_0237
temporal_sequences	temporal_sequences_0238
temporal_sequences	temporal_sequences_0239
temporal_sequences	temporal_sequences_0240
temporal_sequences	temporal_sequences_0241
temporal_sequences	temporal_sequences_0242
temporal_sequences	temporal_sequences_0243
temporal_sequences	temporal_sequences_0244
temporal_sequences	temporal_sequences_0245
temporal_sequences	temporal_sequences_0246
temporal_sequences	temporal_sequences_0247
temporal_sequences	temporal_sequences_0248
temporal_sequences	temporal_sequences_0249
tracking_shuffled_objects_three_objects	tracking_shuffled_objects_three_objects_0150
tracking_shuffled_objects_three_objects	tracking_shuffled_objects_three_objects_0151
tracking_shuffled_objects_three_objects	tracking_shuffled_objects_three_objects_0152
tracking_shuffled_objects_three_objects	tracking_shuffled_objects_three_objects_0153
tracking_shuffled_objects_three_objects	tracking_shuffled_objects_three_objects_0154
tracking_shuffled_objects_three_objects	tracking_shuffled_objects_three_objects_0155
tracking_shuffled_objects_three_objects	tracking_shuffled_objects_three_objects_0156
tracking_shuffled_objects_three_objects	tracking_shuffled_objects_three_objects_0157
tracking_shuffled_objects_three_objects	tracking_shuffled_objects_three_objects_0158
tracking_shuffled_objects_three_objects	tracking_shuffled_objects_three_objects_0159
tracking_shuffled_objects_three_objects	tracking_shuffled_objects_three_objects_0160
tracking_shuffled_objects_three_objects	tracking_shuffled_objects_three_objects_0161
tracking_shuffled_objects_three_objects	tracking_shuffled_objects_three_objects_0162
tracking_shuffled_objects_three_objects	tracking_shuffled_objects_three_objects_0163
tracking_shuffled_objects_three_objects	tracking_shuffled_objects_three_objects_0164
tracking_shuffled_objects_three_objects	tracking_shuffled_objects_three_objects_0165
tracking_shuffled_objects_three_objects	tracking_shuffled_objects_three_objects_0166
tracking_shuffled_objects_three_objects	tracking_shuffled_objects_three_objects_0167
tracking_shuffled_objects_three_objects	tracking_shuffled_objects_three_objects_0168
tracking_shuffled_objects_three_objects	tracking_shuffled_objects_three_objects_0169
tracking_shuffled_objects_three_objects	tracking_shuffled_objects_three_objects_0170
tracking_shuffled_objects_three_objects	tracking_shuffled_objects_three_objects_0171
tracking_shuffled_objects_three_objects	tracking_shuffled_objects_three_objects_0172
tracking_shuffled_objects_three_objects	tracking_shuffled_objects_three_objects_0173
tracking_shuffled_objects_three_objects	tracking_shuffled_objects_three_objects_0174
tracking_shuffled_objects_three_objects	tracking_shuffled_objects_three_objects_0175
tracking_shuffled_objects_three_objects	tracking_shuffled_objects_three_objects_0176
tracking_shuffled_objects_three_objects	tracking_shuffled_objects_three_objects_0177
tracking_shuffled_objects_three_objects	tracking_shuffled_objects_three_objects_0178
tracking_shuffled_objects_three_objects	tracking_shuffled_objects_three_objects_0179
tracking_shuffled_objects_three_objects	tracking_shuffled_objects_three_objects_0180
tracking_shuffled_objects_three_objects	tracking_shuffled_objects_three_objects_0181
tracking_shuffled_objects_three_objects	tracking_shuffled_objects_three_objects_0182
tracking_shuffled_objects_three_objects	tracking_shuffled_objects_three_objects_0183
tracking_shuffled_objects_three_objects	tracking_shuffled_objects_three_objects_0184
tracking_shuffled_objects_three_objects	tracking_shuffled_objects_three_objects_0185
tracking_shuffled_objects_three_objects	tracking_shuffled_objects_three_objects_0186
tracking_shuffled_objects_three_objects	tracking_shuffled_objects_three_objects_0187
tracking_shuffled_objects_three_objects	tracking_shuffled_objects_three_objects_0188
tracking_shuffled_objects_three_objects	tracking_shuffled_objects_three_objects_0189
tracking_shuffled_objects_three_objects	tracking_shuffled_objects_three_objects_0190
tracking_shuffled_objects_three_objects	tracking_shuffled_objects_three_objects_0191
tracking_shuffled_objects_three_objects	tracking_shuffled_objects_three_objects_0192
tracking_shuffled_objects_three_objects	tracking_shuffled_objects_three_objects_0193
tracking_shuffled_objects_three_objects	tracking_shuffled_objects_three_objects_0194
tracking_shuffled_objects_three_objects	tracking_shuffled_objects_three_objects_0195
tracking_shuffled_objects_three_objects	tracking_shuffled_objects_three_objects_0196
tracking_shuffled_objects_three_objects	tracking_shuffled_objects_three_objects_0197
tracking_shuffled_objects_three_objects	tracking_shuffled_objects_three_objects_0198
tracking_shuffled_objects_three_objects	tracking_shuffled_objects_three_objects_0199
tracking_shuffled_objects_three_objects	tracking_shuffled_objects_three_objects_0200
tracking_shuffled_objects_three_objects	tracking_shuffled_objects_three_objects_0201
tracking_shuffled_objects_three_objects	tracking_shuffled_objects_three_objects_0202
tracking_shuffled_objects_three_objects	tracking_shuffled_objects_three_objects_0203
tracking_shuffled_objects_three_objects	tracking_shuffled_objects_three_objects_0204
tracking_shuffled_objects_three_objects	tracking_shuffled_objects_three_objects_0205
tracking_shuffled_objects_three_objects	tracking_shuffled_objects_three_objects_0206
tracking_shuffled_objects_three_objects	tracking_shuffled_objects_three_objects_0207
tracking_shuffled_objects_three_objects	tracking_shuffled_objects_three_objects_0208
tracking_shuffled_objects_three_objects	tracking_shuffled_objects_three_objects_0209
tracking_shuffled_objects_three_objects	tracking_shuffled_objects_three_objects_0210
tracking_shuffled_objects_three_objects	tracking_shuffled_objects_three_objects_0211
tracking_shuffled_objects_three_objects	tracking_shuffled_objects_three_objects_0212
tracking_shuffled_objects_three_objects	tracking_shuffled_objects_three_objects_0213
tracking_shuffled_objects_three_objects	tracking_shuffled_objects_three_objects_0214
tracking_shuffled_objects_three_objects	tracking_shuffled_objects_three_objects_0215
tracking_shuffled_objects_three_objects	tracking_shuffled_objects_three_objects_0216
tracking_shuffled_objects_three_objects	tracking_shuffled_objects_three_objects_0217
tracking_shuffled_objects_three_objects	tracking_shuffled_objects_three_objects_0218
tracking_shuffled_objects_three_objects	tracking_shuffled_objects_three_objects_0219
tracking_shuffled_objects_three_objects	tracking_shuffled_objects_three_objects_0220
tracking_shuffled_objects_three_objects	tracking_shuffled_objects_three_objects_0221
tracking_shuffled_objects_three_objects	tracking_shuffled_objects_three_objects_0222
tracking_shuffled_objects_three_objects	tracking_shuffled_objects_three_objects_0223
tracking_shuffled_objects_three_objects	tracking_shuffled_objects_three_objects_0224
tracking_shuffled_objects_three_objects	tracking_shuffled_objects_three_objects_0225
tracking_shuffled_objects_three_objects	tracking_shuffled_objects_three_objects_0226
tracking_shuffled_objects_three_objects	tracking_shuffled_objects_three_objects_0227
tracking_shuffled_objects_three_objects	tracking_shuffled_objects_three_objects_0228
tracking_shuffled_objects_three_objects	tracking_shuffled_objects_three_objects_0229
tracking_shuffled_objects_three_objects	tracking_shuffled_objects_three_objects_0230
tracking_shuffled_objects_three_objects	tracking_shuffled_objects_three_objects_0231
tracking_shuffled_objects_three_objects	tracking_shuffled_objects_three_objects_0232
tracking_shuffled_objects_three_objects	tracking_shuffled_objects_three_objects_0233
tracking_shuffled_objects_three_objects	tracking_shuffled_objects_three_objects_0234
tracking_shuffled_objects_three_objects	tracking_shuffled_objects_three_objects_0235
tracking_shuffled_objects_three_objects	tracking_shuffled_objects_three_objects_0236
tracking_shuffled_objects_three_objects	tracking_shuffled_objects_three_objects_0237
tracking_shuffled_objects_three_objects	tracking_shuffled_objects_three_objects_0238
tracking_shuffled_objects_three_objects	tracking_shuffled_objects_three_objects_0239
tracking_shuffled_objects_three_objects	tracking_shuffled_objects_three_objects_0240
tracking_shuffled_objects_three_objects	tracking_shuffled_objects_three_objects_0241
tracking_shuffled_objects_three_objects	tracking_shuffled_objects_three_objects_0242
tracking_shuffled_objects_three_objects	tracking_shuffled_objects_three_objects_0243
tracking_shuffled_objects_three_objects	tracking_shuffled_objects_three_objects_0244
tracking_shuffled_objects_three_objects	tracking_shuffled_objects_three_objects_0245
tracking_shuffled_objects_three_objects	tracking_shuffled_objects_three_objects_0246
tracking_shuffled_objects_three_objects	tracking_shuffled_objects_three_objects_0247
tracking_shuffled_objects_three_objects	tracking_shuffled_objects_three_objects_0248
tracking_shuffled_objects_three_objects	tracking_shuffled_objects_three_objects_0249
web_of_lies	web_of_lies_0150
web_of_lies	web_of_lies_0151
web_of_lies	web_of_lies_0152
web_of_lies	web_of_lies_0153
web_of_lies	web_of_lies_0154
web_of_lies	web_of_lies_0155
web_of_lies	web_of_lies_0156
web_of_lies	web_of_lies_0157
web_of_lies	web_of_lies_0158
web_of_lies	web_of_lies_0159
web_of_lies	web_of_lies_0160
web_of_lies	web_of_lies_0161
web_of_lies	web_of_lies_0162
web_of_lies	web_of_lies_0163
web_of_lies	web_of_lies_0164
web_of_lies	web_of_lies_0165
web_of_lies	web_of_lies_0166
web_of_lies	web_of_lies_0167
web_of_lies	web_of_lies_0168
web_of_lies	web_of_lies_0169
web_of_lies	web_of_lies_0170
web_of_lies	web_of_lies_0171
web_of_lies	web_of_lies_0172
web_of_lies	web_of_lies_0173
web_of_lies	web_of_lies_0174
web_of_lies	web_of_lies_0175
web_of_lies	web_of_lies_0176
web_of_lies	web_of_lies_0177
web_of_lies	web_of_lies_0178
web_of_lies	web_of_lies_0179
web_of_lies	web_of_lies_0180
web_of_lies	web_of_lies_0181
web_of_lies	web_of_lies_0182
web_of_lies	web_of_lies_0183
web_of_lies	web_of_lies_0184
web_of_lies	web_of_lies_0185
web_of_lies	web_of_lies_0186
web_of_lies	web_of_lies_0187
web_of_lies	web_of_lies_0188
web_of_lies	web_of_lies_0189
web_of_lies	web_of_lies_0190
web_of_lies	web_of_lies_0191
web_of_lies	web_of_lies_0192
web_of_lies	web_of_lies_0193
web_of_lies	web_of_lies_0194
web_of_lies	web_of_lies_0195
web_of_lies	web_of_lies_0196
web_of_lies	web_of_lies_0197
web_of_lies	web_of_lies_0198
web_of_lies	web_of_lies_0199
web_of_lies	web_of_lies_0200
web_of_lies	web_of_lies_0201
web_of_lies	web_of_lies_0202
web_of_lies	web_of_lies_0203
web_of_lies	web_of_lies_0204
web_of_lies	web_of_lies_0205
web_of_lies	web_of_lies_0206
web_of_lies	web_of_lies_0207
web_of_lies	web_of_lies_0208
web_of_lies	web_of_lies_0209
web_of_lies	web_of_lies_0210
web_of_lies	web_of_lies_0211
web_of_lies	web_of_lies_0212
web_of_lies	web_of_lies_0213
web_of_lies	web_of_lies_0214
web_of_lies	web_of_lies_0215
web_of_lies	web_of_lies_0216
web_of_lies	web_of_lies_0217
web_of_lies	web_of_lies_0218
web_of_lies	web_of_lies_0219
web_of_lies	web_of_lies_0220
web_of_lies	web_of_lies_0221
web_of_lies	web_of_lies_0222
web_of_lies	web_of_lies_0223
web_of_lies	web_of_lies_0224
web_of_lies	web_of_lies_0225
web_of_lies	web_of_lies_0226
web_of_lies	web_of_lies_0227
web_of_lies	web_of_lies_0228
web_of_lies	web_of_lies_0229
web_of_lies	web_of_lies_0230
web_of_lies	web_of_lies_0231
web_of_lies	web_of_lies_0232
web_of_lies	web_of_lies_0233
web_of_lies	web_of_lies_0234
web_of_lies	web_of_lies_0235
web_of_lies	web_of_lies_0236
web_of_lies	web_of_lies_0237
web_of_lies	web_of_lies_0238
web_of_lies	web_of_lies_0239
web_of_lies	web_of_lies_0240
web_of_lies	web_of_lies_0241
web_of_lies	web_of_lies_0242
web_of_lies	web_of_lies_0243
web_of_lies	web_of_lies_0244
web_of_lies	web_of_lies_0245
web_of_lies	web_of_lies_0246
web_of_lies	web_of_lies_0247
web_of_lies	web_of_lies_0248
web_of_lies	web_of_lies_0249
